Adv_year,Adv_month,Price,Genmodel,Fuel_type,Color
2018.0,8.0,2450,Grande Punto,Petrol,White
2018.0,8.0,3490,C3,Petrol,White
2018.0,8.0,4990,DS3,Diesel,Grey
2018.0,3.0,5395,DS3,Petrol,Black
2018.0,4.0,6888,DS3,Diesel,Grey
2018.0,5.0,9500,C3,Petrol,Blue
2018.0,5.0,3200,DS3,Diesel,Black
2018.0,8.0,1395,Grande Punto,Petrol,Blue
2018.0,7.0,5985,C3,Diesel,Blue
2018.0,8.0,5800,C3,Diesel,Blue
2018.0,4.0,6995,DS3,Diesel,Grey
2021.0,3.0,10499,C3,Petrol,Grey
2018.0,8.0,750,C3,Petrol,Red
2021.0,4.0,8865,C3,Petrol,Red
2018.0,7.0,2450,C3,Petrol,Blue
2018.0,7.0,3495,C3,Diesel,Grey
2018.0,8.0,11500,C3,Petrol,Grey
2018.0,8.0,5250,DS3,Diesel,Blue
2018.0,3.0,5481,DS3,Petrol,Grey
2018.0,5.0,2180,Panda,Petrol,Blue
2018.0,4.0,3895,DS3,Diesel,Black
2018.0,8.0,7200,DS3,Petrol,Grey
2018.0,3.0,8299,DS3,Petrol,Blue
2018.0,5.0,1490,Grande Punto,Petrol,Black
2018.0,5.0,2550,Panda,Petrol,White
2018.0,8.0,1699,Grande Punto,Petrol,Grey
2018.0,8.0,4691,C3,Diesel,Red
2018.0,1.0,2495,Grande Punto,Petrol,Blue
2018.0,5.0,1689,Grande Punto,Petrol,Grey
2018.0,4.0,3995,DS3,Diesel,Grey
2018.0,4.0,4495,DS3,Diesel,Blue
2018.0,8.0,6495,DS3,Diesel,White
2018.0,6.0,3990,DS3,Petrol,White
2018.0,8.0,5500,C3,Petrol,Blue
2018.0,5.0,850,Grande Punto,Petrol,Grey
2018.0,5.0,1995,Grande Punto,Petrol,Blue
2018.0,4.0,1250,Panda,Petrol,White
2018.0,8.0,6000,C3,Petrol,Red
2017.0,5.0,6594,DS3,Petrol,Grey
2018.0,4.0,4495,C3,Petrol,Blue
2018.0,3.0,1200,Grande Punto,Petrol,Blue
2018.0,8.0,3490,C3,Petrol,Black
2018.0,8.0,3500,C3,Petrol,Blue
2018.0,5.0,9495,DS3,Petrol,Black
2018.0,4.0,3490,DS3,Diesel,White
2018.0,5.0,1795,Panda,Petrol,Blue
2018.0,8.0,4790,C3,Petrol,Grey
2021.0,5.0,9999,C3,Petrol,Black
2018.0,8.0,795,C3,Petrol,White
2021.0,5.0,9004,C3,Petrol,Grey
2018.0,7.0,1199,Grande Punto,Petrol,Blue
2018.0,5.0,995,Panda,Petrol,Black
2021.0,5.0,10499,C3,Petrol,Grey
2018.0,7.0,9495,C3,Petrol,Red
2021.0,6.0,10000,C3,Petrol,Grey
2018.0,6.0,995,C3,Petrol,Grey
2018.0,5.0,1995,Panda,Petrol,White
2018.0,4.0,600,C3,Petrol,Blue
2018.0,5.0,690,Grande Punto,Petrol,Blue
2021.0,5.0,9495,Panda,Petrol,Red
2018.0,7.0,2293,Grande Punto,Petrol,Grey
2018.0,5.0,5720,DS3,Diesel,White
2018.0,4.0,4995,C3,Diesel,Red
2018.0,2.0,2495,Panda,Petrol,Red
2018.0,6.0,5107,C3,Petrol,White
2018.0,8.0,800,C3,Petrol,Grey
2018.0,8.0,2970,C3,Diesel,Blue
2021.0,5.0,10195,C3,Petrol,Black
2018.0,8.0,490,C3,Petrol,Blue
2018.0,5.0,1500,Grande Punto,Petrol,Blue
2018.0,7.0,1995,Grande Punto,Petrol,Black
2018.0,5.0,6695,DS3,Petrol,Grey
2018.0,8.0,7000,DS3,Petrol,Blue
2018.0,3.0,4295,DS3,Diesel,Black
2018.0,4.0,1495,Grande Punto,Petrol,Red
2018.0,6.0,6495,C3,Petrol,Grey
2018.0,8.0,1500,Grande Punto,Petrol,Blue
2018.0,5.0,1994,Panda,Petrol,Blue
2018.0,5.0,2370,Grande Punto,Petrol,Grey
2018.0,4.0,2195,Panda,Petrol,Black
2021.0,5.0,8999,C3,Petrol,Black
2018.0,4.0,1495,Grande Punto,Petrol,Grey
2018.0,8.0,6795,DS3,Diesel,Black
2018.0,8.0,8995,DS3,Petrol,White
2018.0,4.0,3999,DS3,Diesel,White
2021.0,5.0,10500,C3,Petrol,Black
2021.0,5.0,9999,C3,Petrol,Grey
2018.0,8.0,5000,C3,Petrol,White
2018.0,8.0,10200,C3,Petrol,Blue
2018.0,7.0,1499,Grande Punto,Petrol,Black
2021.0,3.0,10393,C3,Petrol,Black
2018.0,3.0,4990,DS3,Diesel,Grey
2018.0,3.0,1395,Panda,Petrol,Black
2018.0,4.0,6995,DS3,Diesel,Red
2018.0,7.0,3690,C3,Diesel,Grey
2018.0,7.0,5985,C3,Petrol,Grey
2018.0,4.0,1995,Grande Punto,Petrol,Blue
2018.0,5.0,777,Grande Punto,Petrol,Black
2018.0,4.0,4495,DS3,Diesel,Red
2018.0,6.0,9000,C3,Petrol,Grey
2018.0,8.0,995,Grande Punto,Petrol,Blue
2018.0,5.0,4747,C3,Diesel,Grey
2018.0,8.0,8800,DS3,Petrol,White
2018.0,5.0,2690,Grande Punto,Petrol,Grey
2018.0,4.0,1390,Grande Punto,Petrol,Blue
2018.0,7.0,4789,DS3,Diesel,Grey
2018.0,5.0,7395,C3,Petrol,Blue
2021.0,5.0,9299,C3,Petrol,White
2018.0,5.0,4989,DS3,Diesel,Blue
2018.0,8.0,5110,DS3,Diesel,White
2017.0,7.0,5790,DS3,Diesel,Black
2017.0,11.0,2750,C3,Diesel,Black
2018.0,8.0,4990,C3,Diesel,Grey
2018.0,3.0,2983,C3,Petrol,Blue
2018.0,4.0,2290,Panda,Petrol,White
2018.0,3.0,1995,Grande Punto,Petrol,Grey
2018.0,1.0,6995,DS3,Petrol,Grey
2021.0,5.0,9795,C3,Petrol,White
2018.0,3.0,4995,DS3,Petrol,Grey
2018.0,5.0,3100,Grande Punto,Petrol,Grey
2021.0,5.0,9490,C3,Petrol,Grey
2018.0,7.0,7199,DS3,Petrol,Blue
2018.0,8.0,4699,DS3,Diesel,Black
2018.0,8.0,3650,DS3,Diesel,White
2018.0,5.0,1650,Grande Punto,Petrol,Blue
2018.0,8.0,5691,C3,Petrol,White
2018.0,2.0,5995,DS3,Diesel,Grey
2018.0,8.0,7295,C3,Petrol,Red
2018.0,7.0,6879,DS3,Diesel,Grey
2018.0,3.0,1495,Grande Punto,Petrol,Blue
2018.0,8.0,3450,DS3,Diesel,Red
2021.0,5.0,9999,C3,Petrol,Blue
2018.0,8.0,9999,C3,Petrol,Grey
2018.0,8.0,1695,Grande Punto,Petrol,Blue
2018.0,2.0,9795,DS3,Petrol,Black
2018.0,4.0,1950,Grande Punto,Petrol,Red
2018.0,8.0,3790,C3,Petrol,Black
2018.0,6.0,3590,DS3,Petrol,Red
2021.0,5.0,10499,C3,Petrol,Grey
2018.0,9.0,695,C3,Petrol,Blue
2021.0,5.0,10299,C3,Petrol,Red
2018.0,8.0,3495,DS3,Petrol,Blue
2018.0,5.0,1495,Panda,Diesel,Red
2018.0,7.0,975,Grande Punto,Petrol,Grey
2018.0,3.0,8985,DS3,Petrol,White
2018.0,5.0,4700,DS3,Petrol,Red
2018.0,4.0,1900,Grande Punto,Petrol,Red
2018.0,6.0,8699,DS3,Petrol,Blue
2018.0,6.0,1500,Grande Punto,Petrol,Black
2018.0,3.0,3295,Panda,Petrol,Red
2021.0,5.0,13866,C3,Petrol,Blue
2018.0,8.0,5450,DS3,Petrol,Grey
2018.0,8.0,6541,C3,Diesel,Red
2018.0,5.0,5995,DS3,Diesel,Blue
2021.0,3.0,10490,C3,Petrol,Black
2021.0,6.0,14995,C3,Petrol,Red
2021.0,5.0,9600,C3,Petrol,Red
2018.0,8.0,5303,C3,Petrol,White
2018.0,5.0,5250,DS3,Diesel,Blue
2018.0,5.0,5200,DS3,Petrol,Blue
2018.0,7.0,1590,Grande Punto,Petrol,Black
2021.0,6.0,7696,Panda,Petrol,Grey
2018.0,5.0,9495,DS3,Diesel,Grey
2018.0,4.0,990,Panda,Petrol,Red
2018.0,8.0,5295,DS3,Diesel,Blue
2018.0,6.0,6355,DS3,Petrol,Black
2018.0,7.0,5680,C3,Petrol,White
2018.0,5.0,1990,Grande Punto,Petrol,Grey
2020.0,12.0,8000,Panda,Petrol,Red
2018.0,3.0,3495,C3,Petrol,Grey
2018.0,8.0,7990,C3,Petrol,Blue
2018.0,4.0,5750,Panda,Petrol,Black
2017.0,10.0,6998,DS3,Petrol,White
2018.0,8.0,650,C3,Diesel,Red
2021.0,6.0,8399,C3,Petrol,Red
2021.0,5.0,11370,C3,Petrol,White
2018.0,7.0,4495,DS3,Diesel,Black
2018.0,7.0,4295,C3,Petrol,Grey
2018.0,5.0,1500,Grande Punto,Petrol,Grey
2018.0,8.0,7995,DS3,Petrol,Blue
2017.0,12.0,1495,Panda,Petrol,Blue
2018.0,5.0,2190,Panda,Petrol,Black
2018.0,4.0,4995,Panda,Petrol,Black
2018.0,8.0,2995,Grande Punto,Petrol,Black
2018.0,4.0,1450,Grande Punto,Petrol,Grey
2018.0,7.0,6295,DS3,Diesel,Black
2018.0,3.0,1495,Panda,Petrol,Blue
2018.0,6.0,4400,C3,Petrol,Grey
2018.0,5.0,3975,DS3,Diesel,Red
2021.0,5.0,9999,C3,Petrol,White
2018.0,8.0,3395,C3,Petrol,Grey
2021.0,6.0,8500,C3,Petrol,Blue
2018.0,8.0,4450,C3,Petrol,Red
2018.0,8.0,4990,DS3,Petrol,Grey
2018.0,3.0,5750,DS3,Petrol,Blue
2018.0,8.0,3990,C3,Diesel,Black
2018.0,6.0,1150,Grande Punto,Petrol,Grey
2018.0,3.0,795,Grande Punto,Petrol,Blue
2018.0,8.0,1495,Grande Punto,Diesel,Black
2018.0,5.0,4290,DS3,Diesel,Grey
2018.0,6.0,7499,C3,Diesel,White
2018.0,7.0,2095,Grande Punto,Petrol,Grey
2018.0,2.0,5994,DS3,Diesel,Blue
2018.0,3.0,3490,Panda,Petrol,Red
2018.0,4.0,5295,DS3,Diesel,Red
2018.0,8.0,3495,C3,Diesel,Blue
2018.0,7.0,4000,C3,Diesel,Blue
2018.0,3.0,2495,Panda,Petrol,Blue
2018.0,8.0,1599,Grande Punto,Petrol,Blue
2019.0,10.0,10219,C3,Petrol,Black
2018.0,3.0,6800,DS3,Diesel,Grey
2018.0,7.0,2290,Grande Punto,Petrol,Grey
2018.0,8.0,4800,C3,Petrol,Black
2021.0,4.0,8999,C3,Petrol,Blue
2018.0,5.0,1295,Panda,Petrol,Blue
2021.0,4.0,10641,C3,Petrol,Grey
2018.0,8.0,1595,Grande Punto,Petrol,Black
2021.0,5.0,9999,C3,Petrol,Grey
2018.0,6.0,5499,DS3,Petrol,Grey
2021.0,3.0,9500,C3,Petrol,Black
2018.0,8.0,250,Grande Punto,Petrol,Black
2018.0,2.0,7750,DS3,Diesel,Red
2021.0,3.0,9824,C3,Petrol,Grey
2018.0,8.0,7495,DS3,Diesel,Grey
2018.0,5.0,7495,C3,Diesel,Black
2018.0,1.0,989,Panda,Petrol,Blue
2018.0,7.0,1495,Grande Punto,Petrol,Black
2018.0,8.0,1495,Grande Punto,Petrol,Grey
2018.0,3.0,6390,DS3,Petrol,Black
2018.0,7.0,6990,C3,Petrol,Blue
2018.0,5.0,1495,Grande Punto,Petrol,Red
2018.0,5.0,5295,DS3,Diesel,White
2018.0,8.0,9599,DS3,Diesel,Grey
2021.0,5.0,6699,Panda,Petrol,White
2021.0,5.0,9999,C3,Petrol,Black
2018.0,6.0,7500,C3,Diesel,Grey
2018.0,8.0,6000,C3,Petrol,Grey
2018.0,8.0,3495,C3,Petrol,Red
2018.0,5.0,1499,Grande Punto,Petrol,Blue
2018.0,7.0,5295,DS3,Petrol,Red
2018.0,7.0,8250,DS3,Diesel,Black
2018.0,3.0,5990,Panda,Petrol,Black
2021.0,4.0,9390,C3,Petrol,Grey
2017.0,12.0,995,Panda,Petrol,Grey
2021.0,5.0,9961,C3,Petrol,Black
2017.0,12.0,5795,DS3,Diesel,Black
2018.0,4.0,5180,DS3,Petrol,White
2018.0,5.0,1990,Grande Punto,Petrol,Blue
2018.0,8.0,7495,C3,Petrol,White
2018.0,8.0,3950,C3,Petrol,White
2018.0,5.0,650,Panda,Petrol,Red
2018.0,4.0,4995,DS3,Diesel,Red
2016.0,6.0,4995,C3,Diesel,Grey
2018.0,4.0,995,Grande Punto,Diesel,Black
2018.0,4.0,9995,DS3,Diesel,Blue
2020.0,10.0,9899,C3,Petrol,Black
2021.0,5.0,9690,C3,Petrol,Grey
2018.0,8.0,1250,Grande Punto,Petrol,Black
2018.0,8.0,4350,DS3,Petrol,Blue
2021.0,5.0,9995,C3,Petrol,Red
2021.0,4.0,8495,C3,Petrol,White
2018.0,3.0,1499,Grande Punto,Petrol,Grey
2018.0,5.0,2495,Panda,Petrol,White
2021.0,4.0,10690,C3,Petrol,Black
2018.0,8.0,3290,C3,Diesel,White
2018.0,5.0,350,Grande Punto,Petrol,Grey
2018.0,5.0,4250,C3,Petrol,Red
2018.0,8.0,2000,C3,Diesel,Red
2018.0,7.0,1600,Grande Punto,Diesel,Black
2018.0,8.0,3681,C3,Petrol,White
2018.0,4.0,2750,Grande Punto,Petrol,White
2018.0,8.0,14695,C3,Petrol,Blue
2018.0,8.0,7000,C3,Petrol,Blue
2018.0,3.0,6800,DS3,Diesel,Blue
2018.0,8.0,890,Grande Punto,Petrol,Black
2018.0,7.0,5799,C3,Petrol,Red
2018.0,4.0,2299,Panda,Petrol,White
2018.0,7.0,6295,DS3,Petrol,White
2018.0,7.0,2490,Grande Punto,Petrol,Grey
2018.0,8.0,1995,Grande Punto,Petrol,Blue
2017.0,12.0,5995,DS3,Petrol,Black
2018.0,6.0,3795,C3,Petrol,Black
2018.0,5.0,2691,Grande Punto,Diesel,Grey
2018.0,1.0,1175,Grande Punto,Diesel,Blue
2018.0,7.0,5699,C3,Petrol,Blue
2021.0,4.0,9004,C3,Petrol,Grey
2018.0,3.0,5790,DS3,Diesel,White
2018.0,4.0,1495,Grande Punto,Petrol,Blue
2018.0,8.0,5999,C3,Petrol,Red
2018.0,5.0,450,C3,Petrol,Blue
2018.0,6.0,4995,C3,Petrol,Grey
2018.0,4.0,890,Panda,Petrol,Red
2018.0,7.0,9000,C3,Petrol,Black
2018.0,7.0,7995,C3,Petrol,Blue
2018.0,8.0,6480,DS3,Diesel,Red
2018.0,8.0,6995,DS3,Diesel,Black
2020.0,8.0,9495,C3,Petrol,Grey
2018.0,3.0,3500,Grande Punto,Petrol,Grey
2018.0,4.0,4490,C3,Petrol,Blue
2018.0,3.0,1499,Grande Punto,Petrol,Grey
2018.0,2.0,1194,Grande Punto,Petrol,Blue
2018.0,8.0,6233,DS3,Petrol,Blue
2021.0,5.0,9999,C3,Petrol,Black
2018.0,8.0,8399,C3,Petrol,Grey
2018.0,4.0,1990,Grande Punto,Petrol,Black
2018.0,8.0,1645,Grande Punto,Petrol,Black
2018.0,4.0,2000,Grande Punto,Petrol,Black
2018.0,4.0,4699,DS3,Petrol,Blue
2018.0,8.0,1295,C3,Diesel,Grey
2018.0,8.0,5689,DS3,Petrol,White
2018.0,8.0,1695,C3,Petrol,Blue
2018.0,5.0,1200,Grande Punto,Petrol,Red
2018.0,7.0,4347,DS3,Diesel,Red
2021.0,6.0,9999,C3,Petrol,Black
2018.0,8.0,1795,Grande Punto,Petrol,Black
2017.0,3.0,4495,Panda,Petrol,Red
2018.0,7.0,6650,C3,Petrol,White
2021.0,4.0,8899,C3,Petrol,Red
2018.0,8.0,890,Grande Punto,Petrol,Blue
2018.0,2.0,2699,Panda,Petrol,Blue
2018.0,8.0,1600,Grande Punto,Petrol,Blue
2021.0,5.0,9995,C3,Petrol,White
2018.0,7.0,7999,DS3,Petrol,Blue
2021.0,5.0,10299,C3,Petrol,Grey
2018.0,5.0,2350,Panda,Petrol,White
2018.0,4.0,850,C3,Petrol,Blue
2017.0,12.0,1490,Grande Punto,Petrol,Red
2018.0,2.0,4495,DS3,Petrol,Red
2018.0,8.0,5599,DS3,Petrol,Red
2018.0,5.0,5295,C3,Diesel,Black
2018.0,4.0,4990,DS3,Diesel,White
2018.0,3.0,2850,Grande Punto,Petrol,Red
2018.0,7.0,1995,C3,Petrol,Black
2018.0,3.0,5940,DS3,Petrol,White
2018.0,4.0,1495,Grande Punto,Petrol,Grey
2018.0,4.0,2695,Grande Punto,Petrol,White
2018.0,5.0,975,Grande Punto,Petrol,Grey
2018.0,5.0,6530,DS3,Diesel,Red
2021.0,5.0,10499,C3,Petrol,Grey
2018.0,4.0,9995,DS3,Petrol,White
2021.0,4.0,8699,C3,Petrol,Red
2018.0,4.0,890,Grande Punto,Petrol,Blue
2018.0,4.0,3990,C3,Petrol,Blue
2018.0,9.0,4290,C3,Diesel,Black
2018.0,7.0,4850,C3,Diesel,White
2018.0,7.0,1275,Grande Punto,Petrol,Red
2018.0,1.0,1495,Grande Punto,Petrol,Blue
2018.0,6.0,1990,Grande Punto,Petrol,Blue
2017.0,8.0,995,Panda,Petrol,Grey
2018.0,8.0,4595,DS3,Petrol,Red
2018.0,8.0,5985,DS3,Petrol,White
2018.0,5.0,985,Panda,Petrol,Grey
2018.0,2.0,1995,Grande Punto,Petrol,White
2018.0,8.0,2200,Grande Punto,Petrol,Red
2018.0,8.0,5195,C3,Diesel,Black
2018.0,3.0,1794,Grande Punto,Petrol,Red
2017.0,11.0,7484,DS3,Petrol,Black
2018.0,8.0,595,C3,Petrol,Black
2018.0,8.0,5985,C3,Petrol,Blue
2018.0,5.0,975,C3,Petrol,Red
2018.0,4.0,7490,DS3,Petrol,Blue
2018.0,8.0,7495,C3,Petrol,Red
2018.0,4.0,1495,Grande Punto,Petrol,Red
2018.0,4.0,2490,Panda,Petrol,Black
2018.0,7.0,3790,C3,Petrol,Black
2018.0,7.0,5990,DS3,Petrol,Grey
2018.0,4.0,5050,DS3,Diesel,Black
2021.0,3.0,10495,C3,Petrol,Grey
2018.0,5.0,989,Grande Punto,Petrol,Grey
2018.0,8.0,200,C3,Petrol,Blue
2018.0,5.0,2495,Panda,Petrol,Blue
2021.0,6.0,10499,C3,Petrol,Grey
2018.0,4.0,5950,DS3,Petrol,Grey
2018.0,8.0,11500,C3,Petrol,Red
2018.0,8.0,3995,DS3,Diesel,Black
2018.0,4.0,4195,DS3,Diesel,Black
2018.0,4.0,6621,DS3,Petrol,Grey
2018.0,5.0,2850,Panda,Petrol,Blue
2021.0,5.0,10768,C3,Petrol,White
2017.0,9.0,3990,DS3,Petrol,Black
2018.0,4.0,2494,Grande Punto,Petrol,Red
2018.0,6.0,7995,C3,Petrol,Blue
2018.0,5.0,1295,Panda,Petrol,Grey
2018.0,1.0,2995,C3,Diesel,Black
2021.0,3.0,10350,C3,Petrol,White
2017.0,12.0,9990,C3,Petrol,Black
2018.0,5.0,6302,DS3,Petrol,White
2018.0,8.0,1495,Grande Punto,Diesel,White
2018.0,8.0,4300,C3,Diesel,Black
2018.0,8.0,3960,C3,Diesel,Grey
2018.0,8.0,4100,C3,Petrol,Blue
2018.0,7.0,4991,DS3,Petrol,Blue
2018.0,5.0,4995,C3,Diesel,Blue
2018.0,5.0,3750,DS3,Diesel,White
2018.0,3.0,4506,DS3,Petrol,Blue
2018.0,4.0,1495,Grande Punto,Petrol,Blue
2018.0,8.0,4799,C3,Diesel,Grey
2018.0,6.0,5990,DS3,Diesel,Red
2021.0,5.0,10299,C3,Petrol,Grey
2018.0,1.0,795,C3,Petrol,Blue
2018.0,5.0,690,Grande Punto,Petrol,Grey
2018.0,8.0,8495,DS3,Petrol,White
2018.0,8.0,5789,DS3,Diesel,Blue
2018.0,5.0,695,Panda,Petrol,Blue
2018.0,8.0,4981,DS3,Petrol,Red
2021.0,5.0,9490,C3,Petrol,White
2017.0,11.0,1890,Grande Punto,Diesel,Red
2017.0,12.0,5450,DS3,Diesel,White
2018.0,5.0,8000,DS3,Petrol,White
2021.0,3.0,9782,C3,Petrol,Grey
2018.0,4.0,990,Grande Punto,Petrol,Black
2017.0,6.0,3295,DS3,Diesel,Black
2018.0,9.0,7995,C3,Diesel,Black
2021.0,4.0,8700,C3,Petrol,Blue
2018.0,8.0,7000,DS3,Diesel,White
2018.0,7.0,9800,C3,Petrol,White
2018.0,2.0,4295,DS3,Diesel,White
2018.0,8.0,1200,Grande Punto,Petrol,Grey
2018.0,8.0,11500,C3,Petrol,Grey
2018.0,1.0,4795,DS3,Diesel,Blue
2018.0,5.0,6995,DS3,Diesel,White
2021.0,5.0,8674,C3,Petrol,Red
2018.0,1.0,6250,DS3,Petrol,Black
2021.0,3.0,10395,C3,Petrol,Grey
2018.0,3.0,4495,DS3,Diesel,Blue
2018.0,8.0,3895,C3,Diesel,Black
2018.0,5.0,2795,Grande Punto,Petrol,White
2021.0,5.0,10260,C3,Petrol,Grey
2018.0,7.0,5795,DS3,Petrol,Black
2018.0,5.0,6299,C3,Petrol,Blue
2018.0,8.0,5995,C3,Petrol,Blue
2018.0,8.0,4495,DS3,Petrol,Red
2018.0,8.0,2495,C3,Diesel,Black
2018.0,4.0,7995,C3,Petrol,Black
2018.0,8.0,5995,DS3,Diesel,Red
2018.0,7.0,1490,Grande Punto,Petrol,Blue
2018.0,8.0,6495,C3,Petrol,Red
2018.0,7.0,2141,Grande Punto,Petrol,Red
2018.0,3.0,7800,DS3,Diesel,Blue
2018.0,8.0,6750,C3,Petrol,Blue
2018.0,5.0,2949,Grande Punto,Petrol,Grey
2018.0,8.0,1450,Grande Punto,Petrol,Blue
2018.0,6.0,9190,C3,Petrol,Blue
2018.0,8.0,5700,C3,Petrol,Black
2018.0,6.0,1500,Grande Punto,Petrol,Blue
2018.0,8.0,2500,Grande Punto,Petrol,White
2018.0,7.0,3650,C3,Petrol,White
2018.0,6.0,4290,DS3,Diesel,Black
2018.0,8.0,1100,Grande Punto,Petrol,Black
2018.0,3.0,1699,Grande Punto,Petrol,Blue
2018.0,7.0,5295,C3,Petrol,White
2018.0,6.0,7200,C3,Petrol,Red
2018.0,5.0,2990,Panda,Petrol,Blue
2018.0,6.0,4990,C3,Petrol,White
2018.0,8.0,2995,C3,Diesel,Red
2018.0,2.0,6099,DS3,Petrol,Blue
2018.0,5.0,1895,Grande Punto,Diesel,Blue
2018.0,2.0,1290,Grande Punto,Petrol,Grey
2018.0,8.0,10495,C3,Petrol,White
2018.0,7.0,7737,C3,Petrol,Blue
2021.0,5.0,9495,C3,Petrol,Blue
2018.0,6.0,1145,Grande Punto,Petrol,Grey
2018.0,5.0,1295,Grande Punto,Petrol,Black
2018.0,8.0,930,Grande Punto,Petrol,Blue
2018.0,8.0,2989,C3,Petrol,Grey
2018.0,8.0,1399,C3,Petrol,Blue
2018.0,3.0,2495,Grande Punto,Petrol,Grey
2021.0,3.0,8901,C3,Petrol,Black
2018.0,8.0,5995,DS3,Diesel,Grey
2021.0,5.0,9465,C3,Petrol,Grey
2018.0,8.0,3995,C3,Petrol,Blue
2018.0,6.0,9495,DS3,Petrol,White
2018.0,5.0,5995,DS3,Petrol,Grey
2018.0,5.0,2460,Panda,Petrol,Blue
2018.0,4.0,7390,DS3,Diesel,Red
2018.0,4.0,3499,Panda,Petrol,White
2018.0,4.0,2295,Grande Punto,Petrol,Black
2018.0,8.0,3290,C3,Petrol,Black
2018.0,4.0,980,Panda,Petrol,Grey
2018.0,5.0,8000,DS3,Petrol,Grey
2018.0,5.0,4495,C3,Petrol,White
2018.0,8.0,9800,C3,Petrol,White
2018.0,5.0,12290,DS3,Petrol,Black
2018.0,4.0,1500,Grande Punto,Petrol,Blue
2018.0,8.0,7940,C3,Petrol,Red
2018.0,8.0,1250,Grande Punto,Petrol,Blue
2018.0,7.0,6298,DS3,Diesel,Grey
2018.0,5.0,1495,Grande Punto,Petrol,Blue
2018.0,5.0,1250,Grande Punto,Petrol,Grey
2018.0,3.0,2600,Grande Punto,Petrol,Blue
2018.0,7.0,6300,DS3,Petrol,White
2021.0,5.0,9999,C3,Petrol,Grey
2018.0,8.0,6699,C3,Diesel,Red
2018.0,6.0,8995,C3,Petrol,White
2018.0,8.0,6300,C3,Petrol,White
2021.0,6.0,8299,C3,Petrol,Red
2018.0,4.0,4790,C3,Petrol,Grey
2018.0,7.0,2495,Grande Punto,Petrol,White
2018.0,5.0,950,Grande Punto,Petrol,Black
2018.0,5.0,7395,DS3,Diesel,Blue
2018.0,8.0,8995,C3,Petrol,Blue
2018.0,5.0,1689,Grande Punto,Petrol,Blue
2018.0,4.0,5195,Panda,Petrol,Red
2018.0,8.0,1995,Grande Punto,Petrol,Black
2018.0,5.0,950,Panda,Petrol,Blue
2018.0,8.0,4995,C3,Petrol,Red
2020.0,11.0,9999,C3,Petrol,Red
2021.0,4.0,9004,C3,Petrol,Grey
2018.0,3.0,7990,DS3,Petrol,Blue
2018.0,8.0,1500,Grande Punto,Petrol,Grey
2017.0,11.0,949,C3,Petrol,Blue
2018.0,5.0,4395,DS3,Petrol,Black
2018.0,6.0,3495,C3,Diesel,Black
2018.0,4.0,5400,DS3,Petrol,White
2021.0,6.0,10299,C3,Petrol,Black
2017.0,11.0,5999,DS3,Petrol,Red
2018.0,3.0,2350,Panda,Petrol,Grey
2018.0,3.0,2995,C3,Diesel,Black
2018.0,5.0,4395,DS3,Petrol,Grey
2018.0,8.0,750,Grande Punto,Petrol,Blue
2018.0,6.0,5490,C3,Petrol,Grey
2018.0,4.0,6977,DS3,Petrol,Red
2018.0,2.0,1495,Panda,Petrol,Blue
2018.0,8.0,5295,C3,Petrol,White
2018.0,8.0,2995,C3,Petrol,White
2018.0,5.0,7800,DS3,Petrol,Grey
2018.0,5.0,994,C3,Petrol,Black
2021.0,5.0,9543,C3,Petrol,Black
2021.0,2.0,9999,C3,Petrol,Red
2021.0,4.0,12222,C3,Petrol,White
2018.0,8.0,1850,Grande Punto,Petrol,Blue
2018.0,8.0,1495,Grande Punto,Petrol,Blue
2021.0,5.0,9299,C3,Petrol,Grey
2018.0,1.0,1490,Grande Punto,Petrol,Blue
2018.0,5.0,2250,Grande Punto,Diesel,Blue
2018.0,7.0,1395,Grande Punto,Petrol,Grey
2018.0,2.0,8295,DS3,Petrol,Grey
2018.0,8.0,4275,C3,Petrol,Black
2018.0,4.0,1450,Grande Punto,Petrol,Red
2018.0,4.0,4940,Panda,Petrol,Red
2018.0,8.0,2190,Grande Punto,Petrol,Blue
2018.0,4.0,7800,DS3,Diesel,Blue
2018.0,5.0,1690,Grande Punto,Petrol,Grey
2018.0,3.0,950,Panda,Petrol,Blue
2018.0,8.0,3000,C3,Diesel,Black
2018.0,7.0,4995,C3,Petrol,Red
2018.0,8.0,6899,C3,Petrol,Blue
2018.0,5.0,7599,C3,Diesel,Blue
2018.0,3.0,7122,DS3,Petrol,White
2018.0,5.0,5795,DS3,Petrol,White
2018.0,4.0,1195,Panda,Petrol,Black
2018.0,8.0,5495,DS3,Diesel,Grey
2018.0,7.0,5495,DS3,Diesel,Grey
2018.0,8.0,6000,DS3,Diesel,White
2018.0,8.0,7799,C3,Petrol,Blue
2018.0,7.0,2799,Grande Punto,Petrol,Grey
2018.0,8.0,3995,C3,Petrol,Grey
2018.0,5.0,1388,Grande Punto,Petrol,Black
2018.0,8.0,5295,DS3,Petrol,Blue
2018.0,8.0,5989,C3,Petrol,Grey
2017.0,7.0,12000,C3,Diesel,Blue
2018.0,8.0,7654,C3,Petrol,Black
2018.0,7.0,3250,C3,Petrol,Black
2018.0,5.0,1499,Panda,Petrol,Red
2018.0,7.0,9745,C3,Petrol,Grey
2018.0,8.0,5295,C3,Petrol,Black
2018.0,3.0,8295,DS3,Diesel,White
2018.0,8.0,8654,DS3,Petrol,Grey
2018.0,5.0,690,Grande Punto,Petrol,Blue
2021.0,5.0,10499,C3,Petrol,Black
2018.0,8.0,5995,C3,Diesel,Grey
2018.0,5.0,995,C3,Petrol,Blue
2018.0,4.0,1390,Grande Punto,Petrol,Blue
2018.0,2.0,999,Panda,Petrol,Black
2018.0,6.0,6895,C3,Diesel,Red
2018.0,8.0,900,Grande Punto,Petrol,Black
2018.0,5.0,550,C3,Petrol,Blue
2018.0,5.0,950,Grande Punto,Petrol,Blue
2018.0,5.0,3300,DS3,Petrol,Red
2018.0,8.0,1290,Grande Punto,Petrol,Grey
2018.0,8.0,3250,DS3,Petrol,Blue
2018.0,3.0,10995,DS3,Petrol,White
2018.0,4.0,2995,Panda,Petrol,Black
2018.0,7.0,6995,DS3,Diesel,White
2021.0,5.0,12475,Panda,Petrol,Blue
2018.0,6.0,5995,C3,Petrol,Red
2021.0,5.0,11795,C3,Petrol,Grey
2018.0,7.0,1495,C3,Diesel,Black
2018.0,5.0,1250,Grande Punto,Petrol,Black
2021.0,5.0,9495,C3,Petrol,White
2018.0,3.0,7690,DS3,Diesel,Black
2018.0,4.0,5990,DS3,Diesel,White
2018.0,4.0,6490,C3,Petrol,Black
2018.0,4.0,3000,Panda,Petrol,Red
2018.0,8.0,6300,DS3,Petrol,Red
2018.0,8.0,1299,Grande Punto,Petrol,Black
2018.0,3.0,9995,DS3,Diesel,Grey
2021.0,4.0,8698,C3,Petrol,Grey
2018.0,5.0,790,Grande Punto,Petrol,Blue
2018.0,3.0,3701,DS3,Diesel,Blue
2021.0,5.0,9850,C3,Petrol,Black
2021.0,6.0,10299,C3,Petrol,White
2018.0,4.0,2490,Grande Punto,Petrol,Grey
2018.0,5.0,6845,DS3,Diesel,Blue
2020.0,10.0,8790,C3,Petrol,Blue
2018.0,6.0,4790,C3,Diesel,Grey
2018.0,8.0,800,Grande Punto,Diesel,Red
2018.0,6.0,2195,Grande Punto,Petrol,Blue
2018.0,3.0,1490,Grande Punto,Petrol,Grey
2018.0,4.0,7195,DS3,Diesel,Grey
2018.0,5.0,890,Panda,Petrol,Blue
2018.0,7.0,4495,DS3,Diesel,Grey
2018.0,7.0,1499,C3,Petrol,Blue
2018.0,4.0,4990,DS3,Petrol,Grey
2018.0,7.0,2100,Grande Punto,Petrol,Red
2018.0,8.0,5180,C3,Petrol,White
2018.0,5.0,999,Panda,Petrol,Blue
2018.0,2.0,2495,Panda,Petrol,Blue
2018.0,7.0,6790,C3,Petrol,White
2018.0,8.0,10725,C3,Petrol,Grey
2021.0,5.0,11000,C3,Petrol,White
2018.0,3.0,5250,DS3,Diesel,Black
2018.0,8.0,1290,Grande Punto,Petrol,Grey
2018.0,7.0,7500,C3,Diesel,Blue
2018.0,8.0,995,Grande Punto,Petrol,Black
2018.0,8.0,11500,C3,Petrol,Grey
2018.0,3.0,1990,Grande Punto,Petrol,Blue
2018.0,6.0,3990,C3,Petrol,Grey
2021.0,4.0,12495,C3,Petrol,White
2018.0,5.0,1900,Panda,Petrol,White
2021.0,5.0,9999,C3,Petrol,Black
2018.0,4.0,4785,DS3,Diesel,White
2018.0,4.0,4679,DS3,Petrol,Black
2018.0,7.0,2990,C3,Diesel,Black
2018.0,8.0,5799,DS3,Diesel,Red
2018.0,7.0,1950,C3,Petrol,Black
2018.0,4.0,6085,C3,Petrol,Red
2018.0,7.0,7800,DS3,Petrol,Grey
2018.0,4.0,1000,C3,Petrol,Blue
2018.0,1.0,8695,DS3,Petrol,Red
2018.0,6.0,5757,C3,Diesel,Blue
2018.0,8.0,4395,C3,Petrol,Grey
2018.0,8.0,1595,Grande Punto,Petrol,Blue
2018.0,6.0,7000,C3,Diesel,Red
2021.0,5.0,9999,C3,Petrol,Grey
2021.0,5.0,6599,Panda,Petrol,White
2018.0,8.0,590,C3,Petrol,Blue
2018.0,7.0,1000,C3,Petrol,Black
2018.0,5.0,1795,Grande Punto,Petrol,Grey
2018.0,3.0,5750,DS3,Petrol,White
2018.0,8.0,1295,Grande Punto,Petrol,Blue
2018.0,4.0,2850,Panda,Petrol,Black
2018.0,4.0,8995,DS3,Petrol,Red
2021.0,5.0,10299,C3,Petrol,White
2018.0,8.0,4550,DS3,Petrol,Blue
2018.0,5.0,1495,Panda,Diesel,Blue
2021.0,5.0,5550,Panda,Petrol,Red
2017.0,4.0,12500,DS3,Diesel,Black
2018.0,9.0,4995,C3,Diesel,Blue
2021.0,5.0,10450,C3,Petrol,Grey
2021.0,3.0,9731,C3,Petrol,Grey
2018.0,5.0,1790,Panda,Petrol,Black
2018.0,5.0,800,Panda,Petrol,Grey
2018.0,8.0,2795,C3,Diesel,Grey
2018.0,7.0,7299,C3,Diesel,White
2018.0,8.0,7299,C3,Petrol,Grey
2018.0,5.0,5800,DS3,Diesel,White
2021.0,5.0,9799,C3,Petrol,Grey
2021.0,5.0,9299,C3,Petrol,Grey
2018.0,4.0,9895,DS3,Petrol,Blue
2018.0,4.0,7400,DS3,Petrol,Black
2018.0,7.0,4800,DS3,Petrol,Red
2018.0,4.0,1590,Grande Punto,Petrol,Blue
2021.0,4.0,9322,C3,Petrol,White
2021.0,5.0,9599,C3,Petrol,Grey
2018.0,4.0,2495,Panda,Petrol,Blue
2018.0,5.0,1790,Grande Punto,Diesel,Grey
2018.0,6.0,6233,DS3,Petrol,Black
2018.0,8.0,5000,DS3,Diesel,Grey
2018.0,8.0,6280,C3,Petrol,Blue
2018.0,7.0,3500,C3,Petrol,Blue
2018.0,8.0,7799,DS3,Petrol,Red
2018.0,8.0,4490,DS3,Petrol,Blue
2018.0,1.0,695,C3,Petrol,Red
2018.0,3.0,2289,Panda,Petrol,White
2018.0,2.0,1999,Panda,Petrol,White
2021.0,5.0,9750,C3,Petrol,Black
2021.0,6.0,10299,C3,Petrol,Black
2018.0,8.0,6999,DS3,Petrol,Red
2018.0,5.0,600,C3,Petrol,Blue
2018.0,8.0,1790,Grande Punto,Petrol,Blue
2021.0,5.0,9250,C3,Petrol,Black
2018.0,5.0,9897,C3,Petrol,Black
2018.0,2.0,1290,Grande Punto,Petrol,Blue
2021.0,6.0,10981,C3,Petrol,Black
2018.0,7.0,7000,DS3,Diesel,Grey
2018.0,8.0,5605,DS3,Petrol,Grey
2018.0,5.0,3800,DS3,Petrol,Grey
2018.0,8.0,7100,DS3,Petrol,Red
2018.0,8.0,6510,DS3,Petrol,Red
2018.0,5.0,5899,DS3,Petrol,White
2018.0,7.0,9790,C3,Petrol,Black
2018.0,6.0,4995,C3,Petrol,Grey
2018.0,4.0,4400,Panda,Petrol,Black
2018.0,5.0,6000,DS3,Diesel,Red
2018.0,5.0,1295,Panda,Petrol,Blue
2018.0,7.0,1395,Grande Punto,Petrol,Black
2021.0,5.0,9882,C3,Petrol,Black
2018.0,5.0,795,C3,Petrol,Black
2018.0,8.0,4691,C3,Petrol,Grey
2018.0,7.0,8970,C3,Petrol,Blue
2018.0,2.0,2195,Grande Punto,Petrol,Grey
2021.0,4.0,11994,C3,Petrol,Black
2018.0,5.0,700,Grande Punto,Petrol,Red
2018.0,8.0,4000,C3,Diesel,White
2018.0,8.0,3995,C3,Diesel,Black
2018.0,7.0,7600,C3,Diesel,Black
2018.0,8.0,2190,Grande Punto,Petrol,Grey
2018.0,3.0,3995,Panda,Petrol,White
2021.0,3.0,9840,C3,Petrol,Grey
2018.0,8.0,2660,C3,Diesel,Black
2018.0,8.0,6360,C3,Diesel,Blue
2018.0,5.0,6458,DS3,Petrol,Black
2018.0,8.0,4295,Grande Punto,Petrol,Black
2018.0,1.0,5485,DS3,Petrol,Red
2018.0,3.0,1995,Panda,Petrol,Blue
2018.0,8.0,5795,C3,Petrol,Grey
2018.0,8.0,7995,DS3,Diesel,Red
2018.0,5.0,6500,Panda,Diesel,White
2018.0,8.0,695,Grande Punto,Petrol,Blue
2018.0,4.0,5490,DS3,Petrol,Grey
2018.0,8.0,2000,Grande Punto,Petrol,Red
2018.0,5.0,1495,Grande Punto,Petrol,Black
2018.0,6.0,7199,DS3,Petrol,Grey
2018.0,4.0,5495,DS3,Petrol,Blue
2018.0,8.0,3981,C3,Petrol,White
2021.0,4.0,9995,C3,Petrol,Grey
2018.0,8.0,1640,Grande Punto,Petrol,White
2018.0,5.0,1499,Grande Punto,Petrol,Black
2018.0,5.0,1795,Panda,Petrol,Blue
2018.0,8.0,4295,DS3,Diesel,White
2018.0,5.0,1700,Grande Punto,Petrol,Grey
2018.0,8.0,1000,Grande Punto,Petrol,Grey
2021.0,5.0,9691,C3,Petrol,Black
2018.0,8.0,4999,C3,Petrol,Blue
2018.0,5.0,750,Grande Punto,Petrol,Blue
2018.0,7.0,5995,C3,Petrol,White
2018.0,8.0,1995,Grande Punto,Petrol,Grey
2018.0,8.0,990,Grande Punto,Petrol,Blue
2018.0,8.0,1795,Grande Punto,Petrol,White
2018.0,5.0,749,Panda,Petrol,Grey
2021.0,4.0,11300,C3,Petrol,Grey
2021.0,6.0,9999,C3,Petrol,Grey
2018.0,7.0,1199,Grande Punto,Petrol,Grey
2018.0,5.0,999,Grande Punto,Petrol,Black
2018.0,6.0,4495,C3,Diesel,Black
2018.0,4.0,5690,DS3,Diesel,Black
2018.0,5.0,4790,C3,Petrol,Grey
2018.0,5.0,8470,DS3,Diesel,White
2018.0,8.0,4295,DS3,Petrol,Black
2021.0,3.0,10395,C3,Petrol,Black
2018.0,4.0,6580,DS3,Diesel,Red
2018.0,8.0,2695,C3,Petrol,Black
2018.0,5.0,5500,DS3,Diesel,Black
2018.0,4.0,3295,Grande Punto,Petrol,Black
2018.0,5.0,4707,C3,Petrol,Black
2018.0,3.0,9995,C3,Petrol,Black
2018.0,5.0,2250,C3,Petrol,Black
2018.0,5.0,4595,DS3,Diesel,White
2018.0,7.0,7999,DS3,Diesel,White
2018.0,4.0,5800,DS3,Petrol,Blue
2018.0,4.0,3595,C3,Petrol,Blue
2018.0,5.0,4400,DS3,Diesel,Blue
2018.0,8.0,5495,C3,Petrol,White
2018.0,8.0,11495,C3,Petrol,Grey
2018.0,5.0,2245,C3,Petrol,Grey
2021.0,5.0,10000,C3,Petrol,Blue
2018.0,4.0,6540,DS3,Diesel,Black
2018.0,8.0,4795,C3,Petrol,Blue
2018.0,4.0,4995,DS3,Petrol,Black
2018.0,7.0,4675,DS3,Diesel,Black
2018.0,3.0,6379,DS3,Diesel,White
2018.0,8.0,4265,C3,Diesel,Black
2021.0,6.0,10499,C3,Petrol,Grey
2021.0,3.0,9600,C3,Petrol,Red
2018.0,1.0,8599,DS3,Petrol,White
2018.0,7.0,1395,Grande Punto,Petrol,Red
2018.0,8.0,7613,C3,Petrol,Black
2018.0,5.0,3475,Panda,Petrol,Black
2018.0,2.0,6741,DS3,Petrol,Red
2018.0,5.0,3495,Grande Punto,Petrol,Red
2018.0,7.0,5495,C3,Petrol,Red
2018.0,6.0,9595,C3,Petrol,Black
2018.0,4.0,2390,Panda,Petrol,Black
2018.0,5.0,4394,DS3,Petrol,Red
2021.0,3.0,10495,C3,Petrol,Black
2018.0,7.0,4995,DS3,Petrol,White
2018.0,6.0,4650,DS3,Diesel,Red
2014.0,9.0,6397,C3,Diesel,Black
2018.0,5.0,2480,Grande Punto,Petrol,Blue
2021.0,4.0,8495,C3,Petrol,White
2018.0,6.0,6482,DS3,Diesel,Red
2018.0,5.0,495,Grande Punto,Diesel,Blue
2018.0,4.0,5195,DS3,Petrol,Grey
2018.0,4.0,1495,Panda,Petrol,Black
2018.0,1.0,1495,Panda,Petrol,Red
2018.0,4.0,2995,DS3,Diesel,Black
2018.0,8.0,950,C3,Diesel,Blue
2018.0,5.0,2299,Panda,Petrol,Grey
2018.0,6.0,4795,DS3,Petrol,White
2018.0,5.0,850,Grande Punto,Petrol,Grey
2018.0,8.0,5795,C3,Diesel,Blue
2018.0,7.0,2995,C3,Diesel,Grey
2018.0,8.0,5195,DS3,Diesel,Blue
2021.0,5.0,10295,C3,Petrol,Black
2018.0,8.0,9895,C3,Petrol,Blue
2021.0,3.0,10191,C3,Petrol,Red
2018.0,3.0,5645,DS3,Petrol,Blue
2021.0,1.0,7000,C3,Petrol,Black
2018.0,7.0,7995,DS3,Diesel,Blue
2018.0,6.0,2495,Grande Punto,Petrol,Black
2018.0,6.0,6392,C3,Petrol,Black
2018.0,7.0,5499,DS3,Diesel,Grey
2021.0,5.0,10138,C3,Petrol,Black
2018.0,4.0,4495,Panda,Petrol,White
2018.0,6.0,6399,C3,Petrol,White
2018.0,3.0,690,Grande Punto,Petrol,Grey
2018.0,8.0,10000,C3,Petrol,White
2018.0,5.0,890,Grande Punto,Petrol,Blue
2021.0,5.0,9991,C3,Petrol,White
2018.0,7.0,5995,DS3,Diesel,Grey
2018.0,8.0,4995,DS3,Petrol,Grey
2018.0,4.0,1495,Grande Punto,Petrol,Grey
2017.0,6.0,4000,DS3,Diesel,Red
2018.0,5.0,499,Grande Punto,Petrol,Grey
2018.0,6.0,10495,DS3,Petrol,Grey
2018.0,8.0,1600,C3,Diesel,Blue
2021.0,5.0,10299,C3,Petrol,White
2017.0,12.0,1295,Panda,Petrol,Blue
2018.0,4.0,5797,DS3,Petrol,Black
2018.0,6.0,790,Grande Punto,Petrol,Blue
2018.0,5.0,2995,C3,Petrol,Grey
2018.0,7.0,7385,DS3,Petrol,Blue
2018.0,7.0,7290,C3,Petrol,Blue
2018.0,8.0,5450,C3,Petrol,Black
2018.0,8.0,1490,Grande Punto,Petrol,Grey
2018.0,7.0,3070,C3,Diesel,Blue
2018.0,4.0,4495,DS3,Diesel,Blue
2020.0,9.0,8999,C3,Petrol,Red
2018.0,1.0,6195,DS3,Petrol,White
2018.0,5.0,11395,DS3,Petrol,White
2018.0,5.0,1300,Panda,Petrol,Black
2018.0,5.0,6695,C3,Petrol,White
2018.0,3.0,3285,C3,Diesel,Red
2018.0,7.0,7999,DS3,Petrol,Blue
2018.0,8.0,6490,DS3,Diesel,White
2018.0,8.0,3995,C3,Petrol,Blue
2018.0,3.0,5450,DS3,Diesel,Black
2018.0,4.0,995,Panda,Petrol,Grey
2018.0,8.0,900,Grande Punto,Petrol,Red
2018.0,5.0,995,C3,Diesel,Red
2018.0,4.0,2795,Panda,Petrol,Blue
2018.0,4.0,5350,DS3,Diesel,Red
2018.0,8.0,5995,DS3,Diesel,Black
2018.0,7.0,4250,C3,Petrol,Grey
2018.0,4.0,795,Panda,Petrol,Grey
2018.0,8.0,5490,C3,Petrol,White
2018.0,5.0,7285,C3,Petrol,Grey
2018.0,8.0,4995,C3,Petrol,Grey
2018.0,5.0,5395,DS3,Petrol,Grey
2018.0,6.0,10995,DS3,Petrol,White
2018.0,8.0,5500,DS3,Petrol,Blue
2018.0,3.0,2495,Grande Punto,Petrol,Grey
2018.0,7.0,3295,C3,Petrol,White
2018.0,7.0,890,C3,Petrol,Black
2018.0,5.0,9177,C3,Petrol,Blue
2018.0,8.0,3295,C3,Diesel,Grey
2018.0,8.0,4000,C3,Petrol,Black
2018.0,4.0,1350,Grande Punto,Petrol,Grey
2018.0,7.0,1499,Grande Punto,Diesel,Blue
2018.0,5.0,4991,Panda,Petrol,Blue
2018.0,7.0,1500,Grande Punto,Petrol,Black
2018.0,5.0,3695,DS3,Diesel,Blue
2018.0,4.0,3995,Panda,Petrol,Red
2018.0,4.0,1490,Grande Punto,Petrol,Blue
2018.0,2.0,2850,Grande Punto,Petrol,Grey
2021.0,6.0,8599,C3,Petrol,Red
2017.0,12.0,4490,DS3,Petrol,Blue
2018.0,8.0,650,Grande Punto,Petrol,Black
2018.0,5.0,3995,Panda,Petrol,White
2017.0,12.0,8995,DS3,Petrol,Black
2018.0,8.0,5995,C3,Petrol,White
2021.0,5.0,10299,C3,Petrol,Black
2018.0,8.0,3195,DS3,Petrol,White
2021.0,4.0,10500,C3,Petrol,Black
2018.0,8.0,1200,Grande Punto,Petrol,Grey
2018.0,1.0,2990,C3,Diesel,White
2018.0,5.0,1250,Grande Punto,Petrol,Blue
2018.0,4.0,1395,C3,Diesel,Black
2018.0,5.0,1995,Grande Punto,Petrol,Grey
2018.0,8.0,7000,C3,Petrol,White
2018.0,4.0,1295,Grande Punto,Petrol,Blue
2018.0,5.0,1400,Grande Punto,Petrol,Red
2021.0,3.0,9696,C3,Petrol,Black
2021.0,6.0,8400,C3,Diesel,Grey
2021.0,6.0,13453,C3,Petrol,White
2018.0,7.0,1490,Grande Punto,Petrol,Black
2018.0,7.0,4795,C3,Petrol,Grey
2018.0,8.0,4995,DS3,Petrol,Black
2018.0,4.0,2949,Grande Punto,Petrol,Grey
2021.0,6.0,10554,C3,Petrol,Black
2018.0,3.0,8500,DS3,Petrol,Grey
2018.0,3.0,1750,Panda,Petrol,Red
2021.0,5.0,9741,C3,Petrol,White
2018.0,7.0,4650,DS3,Petrol,Grey
2021.0,3.0,7553,C3,Petrol,White
2018.0,4.0,11400,C3,Petrol,Blue
2018.0,5.0,4995,DS3,Petrol,Grey
2018.0,5.0,1475,Panda,Petrol,Red
2021.0,5.0,9999,C3,Petrol,White
2018.0,8.0,5150,C3,Diesel,Red
2018.0,8.0,4500,C3,Petrol,Black
2018.0,8.0,6000,C3,Diesel,Black
2018.0,5.0,995,Grande Punto,Petrol,Grey
2018.0,5.0,990,Grande Punto,Petrol,Grey
2018.0,8.0,3189,C3,Diesel,Grey
2018.0,5.0,895,Panda,Petrol,Red
2018.0,6.0,7485,DS3,Petrol,White
2018.0,3.0,4150,C3,Petrol,White
2018.0,5.0,5995,DS3,Diesel,Grey
2018.0,7.0,1450,C3,Petrol,Black
2018.0,8.0,11500,C3,Petrol,Red
2018.0,5.0,5599,Panda,Petrol,White
2018.0,8.0,5699,C3,Petrol,Red
2018.0,3.0,2395,Panda,Petrol,White
2018.0,6.0,2295,C3,Petrol,Black
2018.0,3.0,2790,C3,Diesel,Black
2018.0,8.0,5999,DS3,Diesel,Red
2018.0,4.0,2895,Panda,Petrol,Black
2018.0,7.0,4482,DS3,Petrol,Red
2017.0,12.0,1500,Panda,Petrol,Blue
2018.0,4.0,2495,Grande Punto,Petrol,Blue
2018.0,8.0,5999,DS3,Petrol,White
2018.0,4.0,4689,DS3,Diesel,White
2018.0,8.0,6999,C3,Petrol,Red
2018.0,5.0,1200,Panda,Petrol,Grey
2018.0,5.0,2400,Grande Punto,Diesel,Grey
2018.0,7.0,6499,DS3,Diesel,Black
2021.0,6.0,9490,C3,Diesel,Black
2018.0,5.0,3295,Grande Punto,Petrol,Grey
2018.0,8.0,1090,Grande Punto,Petrol,Blue
2018.0,5.0,1500,Panda,Diesel,Black
2018.0,7.0,6450,DS3,Petrol,Black
2018.0,5.0,2500,Panda,Petrol,Grey
2021.0,3.0,9450,C3,Petrol,Grey
2018.0,8.0,1495,Grande Punto,Petrol,Black
2018.0,5.0,5750,DS3,Diesel,White
2018.0,7.0,750,C3,Petrol,Blue
2018.0,1.0,2995,Panda,Petrol,Red
2018.0,2.0,6764,DS3,Petrol,Black
2018.0,5.0,1991,Grande Punto,Petrol,Grey
2018.0,5.0,4195,C3,Petrol,Red
2018.0,8.0,1295,C3,Petrol,Red
2018.0,7.0,3700,C3,Petrol,Blue
2017.0,12.0,1500,Grande Punto,Petrol,Grey
2018.0,8.0,4500,C3,Diesel,Grey
2021.0,4.0,12695,C3,Petrol,Blue
2018.0,8.0,1600,Grande Punto,Petrol,Red
2018.0,8.0,1645,Grande Punto,Petrol,Blue
2018.0,7.0,4495,C3,Diesel,Grey
2018.0,8.0,3499,C3,Petrol,Grey
2018.0,3.0,9695,C3,Petrol,Black
2018.0,4.0,1299,Grande Punto,Petrol,Blue
2018.0,4.0,1975,Panda,Petrol,Blue
2018.0,4.0,990,Panda,Petrol,Blue
2018.0,4.0,1290,Grande Punto,Petrol,Grey
2018.0,5.0,6249,DS3,Petrol,White
2021.0,5.0,9940,C3,Petrol,White
2018.0,5.0,4990,Panda,Petrol,Red
2018.0,8.0,4695,C3,Petrol,Black
2018.0,8.0,1393,Grande Punto,Petrol,Blue
2018.0,8.0,6598,C3,Petrol,Black
2018.0,5.0,1495,Grande Punto,Petrol,Red
2018.0,5.0,1475,Grande Punto,Petrol,Blue
2018.0,9.0,4000,C3,Petrol,White
2018.0,6.0,6970,C3,Petrol,Black
2018.0,4.0,2800,Panda,Petrol,Black
2018.0,3.0,1895,Grande Punto,Petrol,Blue
2018.0,2.0,3895,C3,Diesel,White
2021.0,5.0,9995,C3,Petrol,Blue
2018.0,8.0,5480,C3,Petrol,White
2018.0,7.0,7611,DS3,Diesel,White
2018.0,5.0,989,Panda,Petrol,Black
2018.0,4.0,890,C3,Petrol,Red
2018.0,6.0,4995,C3,Petrol,Black
2018.0,5.0,760,C3,Petrol,Blue
2018.0,5.0,550,C3,Diesel,Blue
2018.0,3.0,4995,DS3,Diesel,Blue
2018.0,1.0,5990,DS3,Diesel,Black
2018.0,8.0,6395,C3,Petrol,Blue
2018.0,5.0,1995,Grande Punto,Petrol,Red
2018.0,3.0,7298,DS3,Diesel,Red
2021.0,6.0,7990,Panda,Petrol,Grey
2018.0,8.0,2995,Grande Punto,Petrol,Black
2018.0,8.0,4499,C3,Diesel,Black
2018.0,8.0,4100,DS3,Petrol,Black
2018.0,8.0,2495,Grande Punto,Petrol,Grey
2018.0,5.0,1385,Grande Punto,Petrol,Blue
2018.0,6.0,1795,Grande Punto,Petrol,Blue
2018.0,5.0,4750,DS3,Petrol,Red
2018.0,8.0,3300,C3,Petrol,Black
2018.0,3.0,2997,Panda,Petrol,Black
2018.0,8.0,2125,C3,Petrol,Black
2020.0,10.0,9215,C3,Petrol,Grey
2018.0,6.0,3499,C3,Petrol,White
2018.0,5.0,3995,C3,Petrol,Grey
2018.0,6.0,4000,C3,Petrol,Red
2018.0,5.0,1395,Panda,Petrol,Blue
2018.0,7.0,2200,Grande Punto,Petrol,White
2018.0,7.0,3295,C3,Diesel,White
2018.0,6.0,1390,Grande Punto,Petrol,Grey
2018.0,4.0,1395,C3,Petrol,Red
2018.0,5.0,2450,Panda,Petrol,Grey
2018.0,4.0,1495,Grande Punto,Petrol,Blue
2018.0,3.0,1345,Panda,Petrol,Blue
2018.0,5.0,6059,DS3,Diesel,Grey
2018.0,5.0,280,C3,Petrol,Blue
2018.0,8.0,7495,C3,Petrol,Blue
2018.0,8.0,5995,C3,Petrol,Black
2018.0,8.0,11500,C3,Petrol,Red
2018.0,6.0,3990,DS3,Petrol,Black
2018.0,8.0,790,C3,Petrol,Black
2018.0,6.0,9067,C3,Petrol,Blue
2018.0,6.0,4879,C3,Diesel,Blue
2017.0,2.0,3995,Panda,Petrol,White
2021.0,3.0,8241,C3,Petrol,Blue
2018.0,6.0,5895,DS3,Petrol,Black
2018.0,2.0,6295,DS3,Diesel,White
2021.0,6.0,8778,C3,Petrol,Grey
2018.0,8.0,5250,C3,Diesel,Black
2018.0,5.0,775,Grande Punto,Petrol,Black
2018.0,5.0,1000,Grande Punto,Petrol,White
2018.0,8.0,5795,C3,Petrol,Black
2018.0,7.0,9490,DS3,Petrol,White
2018.0,4.0,6990,DS3,Diesel,Grey
2018.0,8.0,3200,Grande Punto,Petrol,Black
2018.0,4.0,2500,Panda,Petrol,Blue
2021.0,5.0,8994,C3,Petrol,Grey
2021.0,3.0,8402,C3,Petrol,Blue
2018.0,3.0,2250,Panda,Petrol,Blue
2018.0,5.0,1399,Grande Punto,Petrol,Grey
2021.0,4.0,8895,C3,Petrol,Grey
2018.0,6.0,10000,DS3,Diesel,Grey
2018.0,5.0,1995,Panda,Petrol,Blue
2018.0,8.0,1495,Grande Punto,Petrol,Blue
2018.0,3.0,1495,Panda,Petrol,Blue
2018.0,5.0,1495,Grande Punto,Petrol,Red
2018.0,8.0,10000,C3,Petrol,White
2018.0,5.0,1995,Grande Punto,Petrol,Black
2018.0,7.0,5495,C3,Petrol,Grey
2018.0,2.0,2495,Panda,Petrol,White
2021.0,6.0,9995,C3,Petrol,Blue
2021.0,6.0,10710,C3,Petrol,White
2018.0,3.0,6000,DS3,Diesel,Red
2018.0,7.0,1990,Grande Punto,Petrol,Blue
2020.0,12.0,9449,Panda,Petrol,Black
2018.0,8.0,3995,C3,Petrol,Grey
2018.0,6.0,9895,DS3,Petrol,White
2018.0,4.0,3495,Grande Punto,Petrol,Grey
2018.0,6.0,4295,C3,Petrol,Black
2018.0,2.0,7295,DS3,Diesel,Red
2018.0,3.0,5200,C3,Petrol,Black
2018.0,7.0,1350,Grande Punto,Petrol,Blue
2018.0,8.0,11500,C3,Petrol,Grey
2018.0,7.0,9980,C3,Petrol,Black
2018.0,5.0,2998,Panda,Petrol,White
2021.0,3.0,11495,Panda,Petrol,Grey
2018.0,4.0,1699,Grande Punto,Petrol,Red
2021.0,4.0,8799,C3,Petrol,Blue
2018.0,8.0,6800,DS3,Petrol,Blue
2018.0,8.0,4789,DS3,Petrol,White
2018.0,3.0,7790,DS3,Petrol,Grey
2018.0,6.0,4995,DS3,Petrol,Black
2018.0,7.0,8667,C3,Petrol,Grey
2018.0,3.0,4950,DS3,Petrol,Red
2018.0,8.0,4190,C3,Petrol,White
2020.0,11.0,9999,C3,Petrol,Blue
2018.0,8.0,7490,C3,Petrol,Red
2021.0,5.0,9990,C3,Petrol,White
2018.0,2.0,4290,DS3,Diesel,White
2018.0,7.0,1295,Grande Punto,Petrol,Red
2017.0,5.0,1500,C3,Petrol,Black
2021.0,5.0,10199,C3,Petrol,Black
2018.0,7.0,6900,C3,Petrol,Grey
2018.0,8.0,6000,DS3,Petrol,White
2021.0,5.0,8990,Panda,Petrol,Black
2018.0,8.0,5790,DS3,Diesel,White
2018.0,8.0,3990,C3,Petrol,White
2018.0,4.0,7589,DS3,Petrol,Black
2021.0,4.0,9500,C3,Petrol,Red
2018.0,7.0,7000,C3,Petrol,Red
2018.0,4.0,7750,DS3,Diesel,White
2018.0,8.0,7995,DS3,Petrol,White
2018.0,2.0,1295,Grande Punto,Petrol,Blue
2018.0,5.0,2495,Grande Punto,Petrol,Red
2017.0,10.0,1995,Panda,Petrol,Grey
2018.0,4.0,990,C3,Diesel,Red
2018.0,3.0,7695,C3,Petrol,Blue
2018.0,7.0,3995,DS3,Diesel,Red
2018.0,3.0,1995,Grande Punto,Diesel,Red
2018.0,4.0,3700,DS3,Petrol,Red
2018.0,8.0,1500,Grande Punto,Petrol,Grey
2018.0,7.0,5950,C3,Diesel,Blue
2018.0,8.0,1550,C3,Diesel,Black
2021.0,5.0,9450,C3,Petrol,Red
2018.0,4.0,12489,DS3,Petrol,White
2018.0,5.0,1995,Grande Punto,Petrol,Grey
2018.0,4.0,5900,DS3,Petrol,White
2018.0,8.0,2995,Grande Punto,Petrol,White
2018.0,8.0,5999,DS3,Petrol,Black
2018.0,5.0,3295,DS3,Petrol,Grey
2018.0,8.0,8999,DS3,Petrol,White
2018.0,8.0,675,Grande Punto,Petrol,Black
2018.0,7.0,6390,DS3,Diesel,Black
2018.0,6.0,4691,C3,Petrol,Grey
2018.0,7.0,5695,DS3,Diesel,Black
2018.0,8.0,850,Grande Punto,Petrol,Red
2018.0,2.0,899,Panda,Petrol,Grey
2018.0,8.0,4800,C3,Diesel,White
2018.0,6.0,3895,C3,Petrol,Black
2018.0,6.0,2295,C3,Diesel,Black
2018.0,8.0,1495,Grande Punto,Petrol,Red
2018.0,8.0,1500,Grande Punto,Petrol,Blue
2018.0,5.0,1250,Grande Punto,Petrol,Grey
2018.0,5.0,2999,Grande Punto,Petrol,Grey
2018.0,4.0,2795,C3,Petrol,Grey
2018.0,8.0,1495,Grande Punto,Petrol,Grey
2018.0,8.0,5990,C3,Petrol,Black
2018.0,5.0,5600,DS3,Diesel,Grey
2017.0,12.0,1995,Panda,Petrol,White
2018.0,4.0,1385,Grande Punto,Petrol,Grey
2018.0,5.0,8495,DS3,Petrol,Red
2018.0,5.0,3690,DS3,Petrol,Red
2018.0,5.0,1995,Grande Punto,Petrol,Grey
2018.0,4.0,5995,Panda,Petrol,Grey
2018.0,1.0,995,Panda,Petrol,Blue
2018.0,2.0,1499,Grande Punto,Petrol,Grey
2018.0,4.0,4251,C3,Diesel,Red
2021.0,6.0,10499,C3,Petrol,Black
2018.0,8.0,895,Grande Punto,Petrol,Black
2018.0,8.0,4230,C3,Diesel,Grey
2021.0,5.0,9999,C3,Petrol,Black
2018.0,5.0,999,Panda,Petrol,Blue
2018.0,4.0,2341,Grande Punto,Petrol,Black
2018.0,8.0,6295,DS3,Petrol,White
2018.0,7.0,4990,C3,Diesel,White
2018.0,7.0,5595,DS3,Petrol,Red
2018.0,8.0,5400,C3,Petrol,Blue
2018.0,8.0,1195,Grande Punto,Petrol,Grey
2018.0,4.0,11495,DS3,Petrol,Blue
2018.0,5.0,990,Grande Punto,Petrol,Grey
2018.0,8.0,9999,C3,Petrol,Black
2018.0,4.0,6990,DS3,Diesel,Grey
2018.0,6.0,7700,C3,Petrol,Blue
2018.0,7.0,4495,DS3,Diesel,Black
2018.0,8.0,2750,Grande Punto,Petrol,Red
2021.0,4.0,10347,C3,Petrol,Grey
2018.0,6.0,6895,DS3,Diesel,Black
2021.0,5.0,10174,C3,Petrol,White
2018.0,3.0,1395,C3,Petrol,Black
2018.0,4.0,6599,DS3,Diesel,Black
2018.0,3.0,1399,Panda,Petrol,Blue
2018.0,1.0,1975,Grande Punto,Diesel,Grey
2018.0,8.0,5250,C3,Petrol,Grey
2021.0,4.0,10398,C3,Petrol,Grey
2018.0,4.0,10650,DS3,Petrol,Grey
2018.0,4.0,1499,Panda,Petrol,Black
2021.0,6.0,9690,C3,Petrol,White
2018.0,4.0,950,Panda,Petrol,Grey
2018.0,5.0,800,Grande Punto,Petrol,Black
2018.0,8.0,5000,DS3,Diesel,Red
2018.0,8.0,5299,DS3,Petrol,Red
2018.0,6.0,9480,C3,Petrol,Black
2018.0,2.0,1790,Grande Punto,Petrol,Red
2018.0,7.0,4999,C3,Petrol,Grey
2021.0,6.0,9691,C3,Petrol,Grey
2018.0,8.0,6289,DS3,Diesel,Black
2018.0,5.0,4300,DS3,Diesel,Grey
2018.0,6.0,2800,Grande Punto,Petrol,Red
2018.0,7.0,3989,DS3,Diesel,Red
2021.0,6.0,6870,Panda,Petrol,Red
2018.0,5.0,890,Grande Punto,Diesel,Red
2021.0,5.0,9999,C3,Petrol,Grey
2018.0,3.0,1495,Panda,Petrol,Grey
2018.0,3.0,5510,DS3,Petrol,Black
2018.0,3.0,2395,Panda,Petrol,Blue
2018.0,5.0,7100,DS3,Petrol,Black
2018.0,5.0,1499,Grande Punto,Petrol,Blue
2018.0,8.0,3590,DS3,Petrol,Red
2020.0,9.0,8995,Panda,Petrol,Red
2018.0,4.0,1590,Panda,Diesel,Black
2018.0,2.0,8695,DS3,Petrol,Blue
2018.0,7.0,3995,Grande Punto,Petrol,Red
2018.0,5.0,8000,DS3,Diesel,Blue
2021.0,5.0,10490,C3,Petrol,White
2018.0,8.0,2450,Grande Punto,Petrol,White
2018.0,7.0,2995,C3,Petrol,Grey
2018.0,8.0,4500,C3,Petrol,White
2021.0,4.0,11250,C3,Petrol,White
2018.0,8.0,5398,C3,Petrol,Grey
2018.0,8.0,11300,C3,Petrol,Grey
2018.0,5.0,4795,C3,Petrol,Blue
2017.0,12.0,4750,C3,Petrol,Blue
2018.0,3.0,6250,Panda,Diesel,Blue
2018.0,7.0,4500,DS3,Diesel,Blue
2018.0,5.0,9998,DS3,Petrol,White
2018.0,8.0,3950,C3,Petrol,Black
2018.0,8.0,4400,C3,Petrol,Grey
2018.0,3.0,1490,Grande Punto,Petrol,Blue
2018.0,8.0,6495,C3,Petrol,White
2018.0,4.0,1195,Panda,Petrol,Red
2021.0,2.0,10299,C3,Petrol,Grey
2018.0,8.0,6770,C3,Petrol,White
2018.0,8.0,3995,C3,Petrol,Black
2018.0,7.0,895,C3,Petrol,Red
2018.0,6.0,6795,C3,Petrol,Red
2018.0,5.0,1495,Grande Punto,Petrol,Grey
2018.0,8.0,7500,C3,Diesel,Red
2017.0,4.0,7299,DS3,Petrol,Red
2018.0,7.0,8495,C3,Petrol,Blue
2018.0,8.0,1295,Grande Punto,Petrol,Red
2018.0,5.0,4995,DS3,Diesel,Black
2018.0,5.0,1250,Grande Punto,Petrol,Black
2018.0,5.0,1995,Grande Punto,Petrol,Blue
2018.0,6.0,5590,DS3,Petrol,Red
2018.0,4.0,4995,DS3,Diesel,Blue
2018.0,8.0,6000,C3,Diesel,Blue
2018.0,7.0,5770,C3,Diesel,Grey
2018.0,8.0,895,Grande Punto,Diesel,Black
2018.0,4.0,7889,DS3,Petrol,White
2018.0,6.0,1795,Grande Punto,Petrol,Grey
2018.0,8.0,3200,C3,Petrol,Black
2021.0,4.0,9793,C3,Petrol,Black
2018.0,5.0,6980,DS3,Diesel,Blue
2018.0,5.0,990,Panda,Diesel,Red
2018.0,6.0,8490,C3,Petrol,Blue
2018.0,4.0,1490,Grande Punto,Petrol,Blue
2018.0,6.0,8295,C3,Petrol,Red
2018.0,7.0,1695,Grande Punto,Petrol,Blue
2021.0,6.0,9999,C3,Petrol,Grey
2018.0,8.0,980,Grande Punto,Petrol,Blue
2018.0,5.0,2000,Grande Punto,Petrol,Red
2018.0,6.0,3650,C3,Petrol,Grey
2018.0,8.0,4450,DS3,Petrol,Black
2018.0,7.0,1500,C3,Petrol,Black
2021.0,5.0,9490,C3,Petrol,White
2018.0,5.0,2695,Grande Punto,Petrol,Grey
2018.0,3.0,9995,DS3,Petrol,White
2017.0,11.0,9895,DS3,Petrol,Black
2018.0,7.0,3695,DS3,Diesel,Red
2018.0,8.0,4295,DS3,Petrol,White
2018.0,2.0,6995,C3,Petrol,Red
2018.0,8.0,7000,C3,Petrol,Blue
2018.0,8.0,6295,DS3,Diesel,Grey
2018.0,5.0,6498,DS3,Petrol,Black
2018.0,5.0,9795,DS3,Petrol,Black
2018.0,2.0,4999,C3,Petrol,Grey
2018.0,8.0,6000,DS3,Diesel,Red
2021.0,5.0,10595,C3,Petrol,White
2021.0,4.0,10544,C3,Petrol,Grey
2018.0,8.0,4575,C3,Petrol,Grey
2018.0,4.0,7890,DS3,Petrol,Black
2018.0,7.0,998,Grande Punto,Petrol,Blue
2018.0,8.0,4700,C3,Diesel,White
2018.0,8.0,7130,C3,Petrol,Red
2021.0,5.0,10499,C3,Petrol,Grey
2018.0,7.0,3395,C3,Petrol,White
2018.0,5.0,1190,Grande Punto,Petrol,Red
2018.0,7.0,4700,C3,Petrol,Black
2018.0,5.0,3000,C3,Petrol,White
2017.0,12.0,895,C3,Petrol,Blue
2018.0,2.0,9795,DS3,Diesel,White
2018.0,8.0,1495,Grande Punto,Petrol,Black
2018.0,8.0,5890,DS3,Diesel,Blue
2018.0,5.0,7500,DS3,Diesel,Black
2018.0,2.0,1495,Grande Punto,Petrol,Blue
2018.0,6.0,2695,C3,Diesel,Blue
2021.0,6.0,8999,C3,Petrol,Grey
2017.0,9.0,1499,Grande Punto,Petrol,Blue
2018.0,5.0,1500,Grande Punto,Petrol,Red
2018.0,3.0,1395,Panda,Diesel,Blue
2018.0,7.0,6975,DS3,Petrol,Blue
2018.0,7.0,5941,C3,Petrol,Grey
2018.0,2.0,12995,DS3,Petrol,Black
2018.0,3.0,1395,Grande Punto,Diesel,Blue
2018.0,4.0,4990,Panda,Petrol,Black
2018.0,8.0,2300,Grande Punto,Petrol,Grey
2018.0,8.0,5500,DS3,Petrol,Blue
2018.0,4.0,6969,DS3,Petrol,Red
2018.0,8.0,4995,C3,Petrol,Black
2018.0,7.0,4395,DS3,Petrol,Red
2018.0,1.0,879,Grande Punto,Petrol,Blue
2018.0,5.0,1490,Panda,Petrol,Black
2018.0,5.0,6490,DS3,Diesel,Grey
2018.0,8.0,1350,Grande Punto,Petrol,Grey
2021.0,5.0,11000,C3,Petrol,White
2018.0,5.0,7045,DS3,Diesel,Grey
2018.0,7.0,9134,C3,Petrol,Grey
2018.0,3.0,1990,Grande Punto,Petrol,Grey
2021.0,5.0,9499,C3,Petrol,Blue
2018.0,8.0,4999,C3,Petrol,Red
2018.0,3.0,5500,DS3,Petrol,Red
2018.0,8.0,4531,C3,Petrol,Grey
2018.0,8.0,8195,DS3,Petrol,White
2021.0,5.0,8295,Panda,Petrol,White
2018.0,4.0,3910,DS3,Diesel,Red
2018.0,7.0,4790,DS3,Petrol,Black
2018.0,8.0,6990,DS3,Diesel,White
2018.0,5.0,6591,DS3,Diesel,Black
2018.0,5.0,2988,Grande Punto,Petrol,Red
2018.0,4.0,1900,Grande Punto,Petrol,Blue
2018.0,8.0,4690,DS3,Petrol,Red
2018.0,3.0,5989,DS3,Diesel,White
2018.0,4.0,1995,C3,Petrol,Blue
2018.0,3.0,5950,C3,Petrol,Red
2018.0,5.0,5995,Panda,Petrol,White
2018.0,4.0,2595,Panda,Petrol,White
2018.0,8.0,3500,C3,Petrol,Black
2018.0,4.0,1495,Grande Punto,Petrol,Red
2018.0,8.0,4750,DS3,Diesel,White
2018.0,5.0,2490,Panda,Diesel,Grey
2018.0,3.0,8970,DS3,Petrol,White
2018.0,5.0,990,Grande Punto,Petrol,Blue
2018.0,4.0,8111,DS3,Diesel,Blue
2018.0,3.0,8870,DS3,Diesel,White
2018.0,8.0,3499,C3,Petrol,Red
2020.0,11.0,13495,C3,Petrol,White
2018.0,8.0,1195,Grande Punto,Petrol,Black
2018.0,3.0,995,Grande Punto,Petrol,Blue
2018.0,5.0,490,Panda,Petrol,Grey
2018.0,3.0,1995,Grande Punto,Petrol,Red
2018.0,8.0,5495,DS3,Diesel,Grey
2018.0,5.0,2290,Grande Punto,Petrol,Blue
2021.0,6.0,10511,C3,Petrol,White
2021.0,6.0,9990,C3,Petrol,Grey
2018.0,4.0,4990,Panda,Petrol,Red
2018.0,6.0,6900,DS3,Diesel,Black
2018.0,7.0,1995,Grande Punto,Petrol,Black
2018.0,7.0,7385,DS3,Diesel,Red
2018.0,8.0,5495,DS3,Petrol,Blue
2018.0,7.0,5695,C3,Diesel,Black
2018.0,6.0,9695,DS3,Diesel,Black
2018.0,8.0,6995,DS3,Petrol,Black
2018.0,5.0,4995,DS3,Diesel,Red
2018.0,7.0,895,C3,Petrol,Blue
2021.0,5.0,10520,C3,Petrol,Grey
2018.0,4.0,1000,Grande Punto,Petrol,Blue
2018.0,3.0,6995,DS3,Petrol,Red
2018.0,8.0,1499,Grande Punto,Petrol,Black
2018.0,7.0,7780,C3,Petrol,Black
2018.0,4.0,1399,Grande Punto,Petrol,Black
2021.0,1.0,10199,C3,Petrol,Grey
2021.0,6.0,10200,C3,Petrol,Black
2018.0,7.0,5847,C3,Petrol,Grey
2018.0,4.0,1350,Grande Punto,Petrol,Grey
2018.0,5.0,590,Grande Punto,Petrol,Grey
2018.0,4.0,3750,DS3,Diesel,Red
2018.0,4.0,990,C3,Petrol,Black
2020.0,7.0,11500,C3,Petrol,Black
2018.0,2.0,2595,Grande Punto,Petrol,Red
2018.0,5.0,3977,DS3,Petrol,Red
2018.0,8.0,4495,C3,Petrol,Blue
2018.0,4.0,995,Grande Punto,Petrol,Grey
2018.0,4.0,2490,Panda,Petrol,Black
2021.0,5.0,10495,C3,Petrol,Black
2018.0,4.0,4990,DS3,Petrol,White
2021.0,6.0,9900,C3,Petrol,Black
2018.0,3.0,1995,Grande Punto,Petrol,Red
2018.0,4.0,4990,DS3,Petrol,Blue
2018.0,7.0,1490,Grande Punto,Petrol,Grey
2018.0,7.0,3350,DS3,Diesel,Red
2018.0,7.0,9400,C3,Petrol,Black
2018.0,4.0,9270,DS3,Diesel,Black
2018.0,5.0,1395,Grande Punto,Petrol,Black
2018.0,7.0,2195,Grande Punto,Petrol,White
2018.0,7.0,9999,DS3,Diesel,Grey
2018.0,5.0,8300,DS3,Diesel,Black
2018.0,8.0,4995,C3,Diesel,Grey
2018.0,5.0,6621,DS3,Petrol,Blue
2018.0,7.0,6970,C3,Diesel,Red
2018.0,7.0,5000,C3,Petrol,White
2018.0,3.0,2495,Grande Punto,Petrol,Grey
2018.0,4.0,1375,Grande Punto,Petrol,Blue
2018.0,7.0,1989,C3,Petrol,Blue
2018.0,3.0,3750,DS3,Petrol,White
2018.0,4.0,10695,DS3,Petrol,White
2018.0,7.0,1990,Grande Punto,Petrol,Black
2018.0,6.0,7990,DS3,Diesel,Blue
2018.0,6.0,11999,DS3,Petrol,Black
2018.0,8.0,4411,C3,Petrol,White
2018.0,6.0,2490,C3,Diesel,Black
2018.0,8.0,4200,C3,Diesel,Black
2018.0,4.0,1650,Grande Punto,Petrol,Blue
2018.0,8.0,5399,DS3,Diesel,Grey
2018.0,5.0,4690,DS3,Petrol,Grey
2018.0,4.0,1194,C3,Petrol,Blue
2020.0,12.0,9997,C3,Petrol,Grey
2018.0,8.0,785,Grande Punto,Petrol,Blue
2018.0,7.0,9220,C3,Petrol,Blue
2018.0,8.0,5192,C3,Petrol,White
2018.0,4.0,5390,DS3,Diesel,Grey
2018.0,8.0,1400,Grande Punto,Petrol,Red
2018.0,8.0,3595,C3,Diesel,Grey
2018.0,1.0,4900,DS3,Diesel,Red
2018.0,8.0,7199,DS3,Petrol,Red
2018.0,1.0,1495,Grande Punto,Petrol,Blue
2021.0,4.0,9999,C3,Petrol,Black
2018.0,1.0,1290,Panda,Petrol,Grey
2018.0,4.0,6500,DS3,Diesel,Red
2021.0,6.0,11290,C3,Petrol,Black
2018.0,8.0,4950,DS3,Petrol,Red
2018.0,8.0,2290,Grande Punto,Diesel,Black
2018.0,5.0,2750,Panda,Petrol,White
2018.0,7.0,7495,DS3,Diesel,Black
2018.0,6.0,4495,DS3,Petrol,Grey
2018.0,5.0,4590,DS3,Petrol,Red
2018.0,7.0,3290,Grande Punto,Petrol,Grey
2018.0,8.0,1595,C3,Petrol,Red
2018.0,1.0,2490,Grande Punto,Diesel,Red
2021.0,3.0,9695,C3,Petrol,Black
2021.0,6.0,8990,C3,Petrol,Red
2018.0,4.0,1290,Grande Punto,Petrol,Grey
2018.0,5.0,5690,DS3,Diesel,Black
2018.0,7.0,4995,C3,Petrol,Black
2018.0,8.0,7395,C3,Petrol,Red
2018.0,3.0,1475,Grande Punto,Petrol,Blue
2018.0,4.0,4199,DS3,Petrol,Grey
2021.0,6.0,10996,C3,Petrol,Black
2013.0,11.0,8495,DS3,Diesel,White
2018.0,5.0,1495,Panda,Petrol,Red
2018.0,6.0,6999,DS3,Diesel,Blue
2018.0,8.0,7898,C3,Petrol,Blue
2021.0,5.0,10299,C3,Petrol,Grey
2018.0,8.0,6495,C3,Diesel,Black
2018.0,8.0,5236,C3,Petrol,Blue
2021.0,4.0,8449,C3,Petrol,Red
2018.0,5.0,1595,Grande Punto,Petrol,Grey
2020.0,11.0,10099,C3,Petrol,Black
2021.0,6.0,10490,C3,Petrol,Red
2018.0,4.0,4995,C3,Petrol,Black
2018.0,5.0,3689,C3,Petrol,Grey
2018.0,8.0,7500,C3,Petrol,Red
2018.0,8.0,4685,C3,Petrol,Grey
2018.0,8.0,7899,C3,Petrol,Blue
2018.0,4.0,5880,DS3,Diesel,White
2018.0,8.0,4495,DS3,Petrol,Red
2018.0,7.0,5495,DS3,Petrol,Black
2018.0,7.0,1950,Grande Punto,Petrol,Black
2018.0,7.0,4950,DS3,Diesel,Red
2018.0,4.0,1000,Panda,Petrol,Red
2018.0,2.0,6399,DS3,Diesel,Red
2018.0,7.0,4299,DS3,Diesel,Black
2018.0,5.0,1195,Grande Punto,Diesel,Black
2018.0,7.0,1300,Grande Punto,Petrol,Red
2018.0,5.0,7995,DS3,Petrol,White
2018.0,4.0,10495,DS3,Petrol,Blue
2018.0,7.0,2195,Grande Punto,Petrol,Black
2018.0,5.0,1650,Grande Punto,Petrol,Grey
2018.0,8.0,550,Grande Punto,Petrol,Grey
2018.0,8.0,1495,C3,Petrol,Blue
2018.0,8.0,3990,C3,Diesel,Blue
2018.0,8.0,1390,Grande Punto,Petrol,Grey
2018.0,7.0,7498,DS3,Diesel,White
2021.0,5.0,9104,C3,Petrol,Black
2017.0,7.0,2199,Panda,Petrol,Blue
2018.0,5.0,600,Grande Punto,Petrol,Black
2018.0,8.0,4950,DS3,Petrol,Red
2018.0,8.0,6695,DS3,Petrol,White
2018.0,8.0,5995,DS3,Diesel,White
2018.0,6.0,5023,C3,Petrol,Red
2018.0,5.0,6367,DS3,Diesel,Black
2018.0,2.0,6240,Panda,Diesel,White
2018.0,8.0,4495,DS3,Petrol,Black
2021.0,5.0,12990,C3,Petrol,Red
2018.0,4.0,6500,DS3,Diesel,Red
2018.0,8.0,5500,C3,Petrol,Grey
2018.0,8.0,1495,Grande Punto,Diesel,Red
2018.0,4.0,7770,DS3,Diesel,White
2018.0,8.0,1595,Grande Punto,Petrol,Blue
2018.0,8.0,2995,Grande Punto,Petrol,Grey
2018.0,4.0,6530,DS3,Petrol,Black
2018.0,8.0,3995,C3,Petrol,White
2018.0,4.0,2495,Panda,Petrol,Blue
2021.0,5.0,9995,C3,Petrol,White
2018.0,6.0,5995,C3,Petrol,Red
2018.0,8.0,1690,Grande Punto,Petrol,Blue
2021.0,5.0,10000,C3,Petrol,Black
2018.0,4.0,7995,DS3,Diesel,White
2018.0,3.0,2999,DS3,Diesel,Red
2018.0,6.0,5999,C3,Diesel,Red
2021.0,5.0,9732,C3,Petrol,Blue
2018.0,5.0,6298,C3,Petrol,Blue
2021.0,6.0,8799,C3,Petrol,White
2018.0,4.0,6490,DS3,Petrol,White
2018.0,5.0,1175,Grande Punto,Petrol,Grey
2018.0,8.0,4990,C3,Petrol,Black
2018.0,2.0,2390,Grande Punto,Petrol,Blue
2018.0,8.0,9795,C3,Petrol,Red
2017.0,10.0,8185,DS3,Petrol,Black
2018.0,8.0,5990,DS3,Diesel,Grey
2018.0,6.0,7299,C3,Petrol,Red
2018.0,8.0,1695,C3,Petrol,Blue
2018.0,5.0,5656,DS3,Diesel,Grey
2018.0,6.0,9177,C3,Petrol,Blue
2021.0,5.0,8940,C3,Petrol,White
2018.0,8.0,1295,Grande Punto,Petrol,Black
2018.0,8.0,3495,C3,Petrol,Grey
2018.0,4.0,999,Grande Punto,Petrol,Blue
2017.0,9.0,4500,DS3,Diesel,Black
2018.0,7.0,6300,C3,Petrol,Blue
2018.0,7.0,4195,C3,Petrol,Blue
2018.0,8.0,7398,DS3,Petrol,Red
2018.0,1.0,10995,DS3,Petrol,Red
2018.0,5.0,1199,Panda,Petrol,Blue
2018.0,9.0,7390,C3,Petrol,Red
2018.0,5.0,7057,C3,Petrol,Red
2018.0,4.0,2749,Panda,Petrol,White
2018.0,6.0,1100,Grande Punto,Petrol,Grey
2018.0,5.0,7270,DS3,Diesel,Grey
2021.0,4.0,9379,C3,Petrol,Red
2021.0,5.0,9295,C3,Petrol,Blue
2018.0,7.0,8195,DS3,Petrol,Grey
2018.0,5.0,825,Grande Punto,Petrol,Black
2018.0,7.0,2995,C3,Petrol,White
2017.0,12.0,2500,Panda,Diesel,Red
2018.0,5.0,1195,Grande Punto,Petrol,Blue
2021.0,5.0,9599,C3,Petrol,Red
2018.0,8.0,1995,Grande Punto,Petrol,Grey
2018.0,1.0,1495,Grande Punto,Petrol,Grey
2018.0,8.0,7528,C3,Petrol,Blue
2018.0,4.0,1295,Grande Punto,Diesel,Black
2018.0,5.0,6490,DS3,Petrol,Grey
2017.0,11.0,2295,Panda,Petrol,Red
2018.0,3.0,6966,DS3,Diesel,Red
2018.0,7.0,1999,Grande Punto,Petrol,Red
2018.0,4.0,2480,Panda,Petrol,Red
2018.0,5.0,2150,Panda,Petrol,White
2018.0,8.0,6495,DS3,Diesel,White
2018.0,3.0,1250,Grande Punto,Petrol,Black
2021.0,5.0,9999,C3,Petrol,Grey
2018.0,5.0,4995,Panda,Petrol,Red
2021.0,4.0,9495,C3,Petrol,Black
2018.0,1.0,2495,Panda,Petrol,White
2018.0,6.0,6295,DS3,Diesel,Red
2018.0,4.0,6500,C3,Petrol,Grey
2018.0,8.0,1499,Grande Punto,Petrol,Grey
2018.0,5.0,1895,Panda,Petrol,Red
2017.0,11.0,7895,DS3,Petrol,White
2018.0,8.0,11500,C3,Petrol,Grey
2018.0,8.0,2995,Grande Punto,Petrol,Black
2018.0,5.0,899,Grande Punto,Petrol,Blue
2018.0,7.0,3885,C3,Diesel,Red
2018.0,8.0,7750,DS3,Diesel,White
2021.0,4.0,9790,C3,Petrol,Black
2018.0,4.0,1495,Grande Punto,Petrol,Red
2018.0,8.0,5500,C3,Petrol,White
2018.0,7.0,5850,DS3,Petrol,White
2018.0,2.0,1695,Panda,Petrol,Blue
2018.0,3.0,4995,DS3,Petrol,Blue
2018.0,4.0,6494,DS3,Diesel,Black
2021.0,5.0,10500,C3,Petrol,White
2018.0,3.0,5975,DS3,Diesel,Black
2018.0,9.0,4991,C3,Petrol,White
2021.0,4.0,9299,C3,Petrol,Blue
2018.0,6.0,5995,C3,Petrol,Red
2018.0,6.0,3495,C3,Diesel,Grey
2021.0,3.0,10395,C3,Petrol,Black
2021.0,5.0,9599,C3,Petrol,Black
2021.0,6.0,9799,C3,Petrol,Red
2018.0,1.0,995,Grande Punto,Petrol,Grey
2018.0,4.0,8111,DS3,Diesel,Black
2018.0,8.0,1545,Grande Punto,Petrol,Blue
2018.0,5.0,795,Panda,Petrol,Grey
2021.0,4.0,8300,C3,Diesel,Black
2018.0,8.0,3650,DS3,Petrol,White
2021.0,5.0,9974,C3,Petrol,Grey
2018.0,8.0,4395,DS3,Petrol,Black
2018.0,7.0,3150,Grande Punto,Petrol,Grey
2018.0,5.0,4495,Panda,Petrol,Blue
2021.0,6.0,9999,C3,Petrol,Black
2018.0,2.0,1490,Grande Punto,Petrol,Blue
2021.0,5.0,9999,C3,Petrol,Grey
2018.0,6.0,5685,DS3,Petrol,Red
2018.0,4.0,999,Grande Punto,Petrol,Blue
2018.0,5.0,1289,Grande Punto,Petrol,Grey
2018.0,4.0,1750,Panda,Petrol,Blue
2018.0,6.0,3495,C3,Diesel,Grey
2021.0,4.0,8295,C3,Petrol,Blue
2018.0,8.0,1350,Grande Punto,Petrol,Blue
2018.0,5.0,3995,DS3,Diesel,Red
2021.0,5.0,10699,C3,Petrol,Grey
2018.0,7.0,2495,C3,Petrol,White
2021.0,5.0,10299,C3,Petrol,Grey
2018.0,6.0,4995,DS3,Petrol,Black
2018.0,5.0,500,C3,Diesel,Blue
2021.0,5.0,9999,C3,Petrol,Black
2018.0,3.0,5520,Panda,Petrol,Blue
2021.0,5.0,9490,C3,Petrol,Grey
2018.0,7.0,6500,DS3,Diesel,White
2018.0,8.0,1295,Grande Punto,Petrol,Grey
2018.0,5.0,1500,C3,Diesel,Red
2018.0,8.0,8760,C3,Petrol,Grey
2017.0,8.0,1695,Grande Punto,Petrol,Grey
2018.0,7.0,1250,Grande Punto,Petrol,Blue
2018.0,5.0,650,Panda,Petrol,Blue
2018.0,8.0,495,Grande Punto,Diesel,Grey
2018.0,4.0,995,Panda,Petrol,Black
2018.0,5.0,1350,C3,Diesel,Blue
2018.0,8.0,5400,C3,Petrol,Red
2018.0,5.0,8670,DS3,Diesel,Black
2018.0,2.0,5495,DS3,Diesel,Blue
2021.0,5.0,8295,C3,Petrol,Black
2018.0,7.0,7490,DS3,Petrol,Blue
2018.0,7.0,11000,C3,Petrol,Blue
2018.0,8.0,2995,Grande Punto,Petrol,Grey
2018.0,3.0,5470,Panda,Petrol,White
2018.0,4.0,1100,Grande Punto,Petrol,Blue
2018.0,6.0,4999,DS3,Diesel,Grey
2020.0,9.0,8990,C3,Petrol,Blue
2018.0,8.0,4495,C3,Diesel,Red
2018.0,7.0,2495,Grande Punto,Petrol,Grey
2018.0,3.0,5990,DS3,Petrol,White
2018.0,7.0,6900,C3,Petrol,White
2021.0,4.0,10398,C3,Petrol,White
2018.0,8.0,3940,C3,Petrol,Black
2018.0,5.0,1900,Grande Punto,Petrol,Grey
2021.0,5.0,10001,Panda,Petrol,White
2018.0,4.0,5495,DS3,Diesel,Grey
2018.0,4.0,2290,Panda,Petrol,White
2018.0,6.0,6995,C3,Petrol,Black
2021.0,4.0,9433,C3,Petrol,Grey
2018.0,8.0,9700,C3,Petrol,Red
2018.0,8.0,995,Grande Punto,Petrol,Red
2018.0,3.0,1490,Grande Punto,Petrol,Grey
2018.0,7.0,5750,DS3,Diesel,Grey
2018.0,8.0,1475,Grande Punto,Petrol,Grey
2018.0,5.0,1495,Grande Punto,Petrol,Blue
2021.0,5.0,10240,C3,Petrol,Grey
2018.0,8.0,3650,C3,Diesel,Black
2018.0,7.0,8970,DS3,Diesel,Black
2018.0,8.0,2495,C3,Petrol,Grey
2018.0,8.0,2495,C3,Petrol,Black
2018.0,4.0,6980,DS3,Diesel,White
2018.0,8.0,2300,C3,Petrol,Black
2021.0,4.0,10166,C3,Petrol,Black
2018.0,4.0,3000,Panda,Petrol,Blue
2018.0,8.0,999,Grande Punto,Petrol,Black
2018.0,4.0,2750,Panda,Petrol,White
2018.0,7.0,6750,DS3,Petrol,Red
2018.0,4.0,3349,Grande Punto,Petrol,Grey
2018.0,5.0,995,C3,Diesel,Blue
2018.0,8.0,2300,C3,Petrol,Blue
2018.0,2.0,3495,C3,Diesel,White
2021.0,1.0,10500,C3,Petrol,Black
2018.0,8.0,1175,Grande Punto,Petrol,Red
2018.0,5.0,980,C3,Diesel,Blue
2018.0,5.0,1660,Grande Punto,Petrol,Grey
2018.0,6.0,2995,Grande Punto,Petrol,White
2018.0,4.0,1000,Grande Punto,Petrol,Black
2018.0,2.0,3500,DS3,Petrol,Red
2018.0,4.0,7740,DS3,Diesel,Black
2018.0,9.0,4500,C3,Petrol,Grey
2018.0,4.0,6680,DS3,Diesel,Black
2018.0,7.0,9190,C3,Petrol,Black
2018.0,8.0,7250,C3,Petrol,Red
2017.0,12.0,6995,DS3,Petrol,Grey
2018.0,4.0,2494,Panda,Petrol,White
2018.0,8.0,699,Grande Punto,Petrol,Blue
2018.0,2.0,1450,Panda,Petrol,Red
2018.0,8.0,4250,DS3,Diesel,Red
2021.0,5.0,10291,C3,Petrol,Grey
2018.0,5.0,300,Panda,Petrol,Black
2021.0,5.0,10699,C3,Petrol,White
2018.0,5.0,6495,DS3,Petrol,Black
2018.0,4.0,3995,Grande Punto,Petrol,Grey
2018.0,6.0,5495,C3,Diesel,Blue
2018.0,4.0,1999,Grande Punto,Petrol,Blue
2018.0,6.0,3675,C3,Petrol,White
2018.0,3.0,775,Grande Punto,Petrol,Blue
2021.0,6.0,11550,C3,Petrol,Grey
2018.0,7.0,5995,C3,Petrol,Red
2018.0,5.0,6699,DS3,Petrol,Blue
2021.0,5.0,10299,C3,Petrol,Black
2018.0,6.0,2795,Grande Punto,Petrol,Grey
2018.0,8.0,4995,C3,Petrol,Black
2018.0,7.0,10000,DS3,Diesel,White
2018.0,8.0,4380,C3,Petrol,Black
2018.0,6.0,2995,C3,Diesel,Blue
2018.0,8.0,6000,C3,Petrol,White
2018.0,4.0,1895,Grande Punto,Petrol,Grey
2018.0,3.0,3295,Panda,Petrol,Black
2018.0,7.0,4000,C3,Diesel,Grey
2018.0,5.0,2495,Grande Punto,Petrol,Blue
2018.0,8.0,790,Grande Punto,Petrol,Blue
2018.0,5.0,1300,Grande Punto,Petrol,Blue
2018.0,3.0,3975,DS3,Diesel,Black
2018.0,4.0,2375,Grande Punto,Petrol,Grey
2018.0,8.0,1495,Grande Punto,Petrol,Black
2018.0,4.0,4495,DS3,Diesel,Red
2018.0,8.0,7100,C3,Petrol,Black
2018.0,7.0,5990,DS3,Petrol,Black
2018.0,3.0,1195,Grande Punto,Petrol,Grey
2018.0,8.0,5695,C3,Petrol,Blue
2018.0,5.0,2995,Grande Punto,Diesel,Blue
2018.0,4.0,2000,Grande Punto,Petrol,Blue
2018.0,4.0,8490,DS3,Diesel,Black
2018.0,8.0,1000,Grande Punto,Petrol,Blue
2020.0,12.0,9999,C3,Petrol,Blue
2018.0,8.0,995,Grande Punto,Petrol,Grey
2018.0,7.0,4795,DS3,Diesel,White
2018.0,6.0,1795,Grande Punto,Petrol,Blue
2018.0,5.0,1595,Panda,Diesel,Grey
2018.0,7.0,6293,C3,Diesel,Red
2018.0,5.0,1249,Grande Punto,Petrol,Red
2021.0,4.0,11450,Panda,Petrol,White
2018.0,5.0,690,C3,Petrol,Red
2018.0,8.0,5490,C3,Diesel,Grey
2018.0,4.0,750,Panda,Petrol,Blue
2017.0,12.0,2495,Panda,Diesel,Black
2018.0,8.0,4995,DS3,Petrol,Red
2018.0,5.0,5495,DS3,Diesel,Grey
2017.0,12.0,2995,Panda,Petrol,Blue
2018.0,8.0,5995,DS3,Petrol,Blue
2018.0,1.0,2089,Grande Punto,Petrol,Red
2021.0,6.0,9020,C3,Petrol,Blue
2021.0,5.0,8737,C3,Petrol,Grey
2017.0,12.0,1445,Grande Punto,Petrol,Black
2018.0,5.0,750,C3,Petrol,Red
2018.0,4.0,1400,Panda,Petrol,Grey
2018.0,5.0,8500,DS3,Petrol,Blue
2018.0,8.0,10000,C3,Petrol,Grey
2018.0,8.0,8995,DS3,Petrol,Black
2018.0,8.0,4995,DS3,Diesel,Grey
2021.0,5.0,7499,Panda,Petrol,Red
2018.0,7.0,6290,C3,Petrol,Red
2021.0,4.0,10990,C3,Petrol,Blue
2018.0,8.0,4795,C3,Diesel,Red
2018.0,4.0,7266,DS3,Diesel,Red
2018.0,7.0,5490,C3,Petrol,White
2018.0,4.0,1495,Grande Punto,Petrol,Grey
2018.0,8.0,7390,C3,Diesel,Red
2021.0,6.0,9269,C3,Petrol,White
2018.0,4.0,2995,Panda,Petrol,White
2018.0,8.0,5295,C3,Petrol,White
2021.0,4.0,7400,C3,Diesel,White
2018.0,3.0,2695,Panda,Petrol,Blue
2018.0,6.0,4990,C3,Diesel,Grey
2018.0,8.0,3995,DS3,Diesel,White
2018.0,4.0,1390,C3,Petrol,Blue
2018.0,7.0,4295,C3,Diesel,Black
2018.0,1.0,1350,Grande Punto,Petrol,Red
2018.0,1.0,875,C3,Diesel,Blue
2018.0,7.0,3895,C3,Petrol,Grey
2018.0,5.0,995,C3,Petrol,Grey
2018.0,4.0,3245,C3,Petrol,Black
2018.0,6.0,9999,C3,Petrol,Blue
2018.0,8.0,4500,C3,Petrol,Black
2018.0,8.0,3690,C3,Diesel,Black
2018.0,3.0,2600,Panda,Petrol,White
2018.0,4.0,1000,Panda,Petrol,Red
2018.0,5.0,7295,DS3,Petrol,Black
2018.0,7.0,3995,C3,Petrol,Black
2018.0,8.0,1899,Grande Punto,Petrol,Red
2018.0,8.0,6295,DS3,Petrol,Black
2018.0,7.0,1500,Grande Punto,Petrol,Blue
2018.0,5.0,6490,DS3,Petrol,Grey
2018.0,5.0,1499,Grande Punto,Petrol,Black
2018.0,4.0,1525,Panda,Petrol,Blue
2018.0,8.0,3895,C3,Diesel,Grey
2021.0,4.0,8549,C3,Petrol,Red
2018.0,5.0,849,C3,Diesel,Blue
2018.0,4.0,7995,DS3,Petrol,Blue
2018.0,8.0,3495,C3,Petrol,White
2021.0,4.0,10051,C3,Petrol,Black
2018.0,7.0,4995,C3,Petrol,White
2018.0,7.0,4390,DS3,Petrol,White
2018.0,7.0,2495,Grande Punto,Petrol,Blue
2018.0,8.0,1450,Grande Punto,Petrol,White
2018.0,8.0,7695,C3,Diesel,Grey
2018.0,7.0,2495,C3,Petrol,Red
2018.0,8.0,1495,Grande Punto,Petrol,Blue
2018.0,4.0,7475,DS3,Diesel,Black
2018.0,5.0,1499,C3,Petrol,Blue
2018.0,5.0,3795,DS3,Petrol,Blue
2018.0,8.0,3295,C3,Diesel,Red
2018.0,8.0,4500,DS3,Diesel,Blue
2020.0,12.0,9999,C3,Petrol,Grey
2018.0,8.0,5540,C3,Petrol,White
2018.0,7.0,9435,C3,Petrol,Grey
2018.0,5.0,7980,DS3,Diesel,Grey
2018.0,6.0,4399,C3,Petrol,White
2018.0,6.0,7456,C3,Diesel,Blue
2021.0,4.0,10490,C3,Petrol,Blue
2018.0,3.0,1500,Grande Punto,Petrol,Blue
2018.0,5.0,7166,DS3,Diesel,White
2021.0,5.0,9999,C3,Petrol,Grey
2018.0,8.0,1750,Grande Punto,Petrol,Blue
2018.0,4.0,650,Grande Punto,Petrol,Grey
2018.0,3.0,1799,Grande Punto,Petrol,Blue
2018.0,3.0,2889,Grande Punto,Petrol,Grey
2021.0,4.0,10398,C3,Petrol,Black
2018.0,7.0,6770,DS3,Petrol,Grey
2018.0,5.0,850,Grande Punto,Petrol,Grey
2018.0,4.0,2271,Grande Punto,Petrol,Grey
2018.0,8.0,3498,DS3,Diesel,Blue
2018.0,4.0,8369,DS3,Petrol,Blue
2018.0,4.0,4599,Panda,Petrol,White
2018.0,8.0,3271,C3,Diesel,Black
2018.0,7.0,4798,C3,Petrol,Grey
2018.0,1.0,1490,Grande Punto,Petrol,Blue
2018.0,3.0,2200,Grande Punto,Petrol,Blue
2018.0,5.0,1790,Panda,Petrol,Grey
2018.0,7.0,1499,Grande Punto,Petrol,Blue
2018.0,2.0,2990,Grande Punto,Petrol,Grey
2018.0,6.0,3800,C3,Diesel,Red
2018.0,8.0,5490,DS3,Petrol,Grey
2018.0,4.0,5499,DS3,Petrol,Grey
2018.0,8.0,5799,DS3,Diesel,Blue
2018.0,2.0,4999,DS3,Diesel,Blue
2018.0,8.0,3690,C3,Diesel,Blue
2018.0,6.0,6180,DS3,Petrol,White
2018.0,7.0,6995,C3,Diesel,Blue
2018.0,8.0,4995,C3,Diesel,Grey
2018.0,8.0,9199,DS3,Petrol,White
2018.0,8.0,1690,C3,Petrol,Red
2018.0,5.0,3290,Panda,Petrol,Blue
2018.0,7.0,4718,DS3,Diesel,Red
2018.0,5.0,2890,Panda,Petrol,Black
2018.0,8.0,7500,C3,Petrol,Red
2017.0,12.0,1500,Grande Punto,Petrol,Grey
2018.0,8.0,5445,DS3,Petrol,Red
2018.0,4.0,1500,Panda,Petrol,Blue
2018.0,8.0,3990,C3,Petrol,Grey
2018.0,4.0,1690,Grande Punto,Petrol,Grey
2018.0,2.0,4495,DS3,Diesel,Red
2018.0,5.0,8307,C3,Petrol,Black
2018.0,4.0,1495,Grande Punto,Petrol,Blue
2018.0,8.0,1495,C3,Petrol,White
2017.0,12.0,5495,DS3,Petrol,Blue
2018.0,5.0,1999,Panda,Petrol,Red
2018.0,5.0,4994,C3,Diesel,Blue
2018.0,1.0,9641,DS3,Petrol,Red
2018.0,7.0,1995,Grande Punto,Petrol,Red
2018.0,8.0,3770,C3,Diesel,Black
2018.0,7.0,4400,C3,Petrol,Black
2021.0,4.0,10260,C3,Petrol,White
2018.0,8.0,899,Grande Punto,Petrol,Grey
2018.0,5.0,3989,DS3,Petrol,White
2018.0,7.0,2995,C3,Diesel,Red
2018.0,8.0,5499,DS3,Petrol,Grey
2018.0,6.0,1500,Grande Punto,Petrol,Red
2018.0,8.0,2295,Grande Punto,Petrol,White
2018.0,5.0,3695,Panda,Petrol,Red
2018.0,6.0,1295,Grande Punto,Petrol,Red
2018.0,7.0,6593,C3,Diesel,Red
2018.0,5.0,4995,DS3,Diesel,White
2018.0,3.0,1799,Panda,Petrol,Black
2018.0,5.0,2195,Panda,Diesel,Blue
2021.0,2.0,9298,C3,Petrol,Grey
2018.0,8.0,1995,Grande Punto,Petrol,Red
2018.0,3.0,1499,Grande Punto,Petrol,Blue
2018.0,4.0,5494,Panda,Petrol,Red
2018.0,8.0,750,Grande Punto,Petrol,Grey
2018.0,8.0,1695,Grande Punto,Petrol,Black
2018.0,6.0,8587,C3,Petrol,Grey
2021.0,5.0,11000,C3,Petrol,Grey
2018.0,8.0,1995,Grande Punto,Petrol,Black
2018.0,5.0,10498,DS3,Petrol,Black
2021.0,3.0,10495,C3,Petrol,Grey
2021.0,3.0,9290,C3,Petrol,Grey
2021.0,5.0,9999,C3,Petrol,Black
2018.0,8.0,7500,DS3,Diesel,White
2018.0,8.0,940,Grande Punto,Petrol,Blue
2018.0,8.0,1895,Grande Punto,Petrol,Blue
2018.0,6.0,6375,C3,Petrol,White
2018.0,8.0,4995,C3,Diesel,Grey
2018.0,5.0,3295,Grande Punto,Petrol,Grey
2018.0,4.0,4250,DS3,Diesel,White
2018.0,8.0,2999,C3,Petrol,Red
2018.0,8.0,800,C3,Diesel,Blue
2018.0,7.0,9390,C3,Petrol,Black
2018.0,4.0,1850,C3,Petrol,Blue
2018.0,6.0,8877,C3,Petrol,Grey
2018.0,9.0,3995,C3,Petrol,White
2018.0,8.0,6999,C3,Diesel,Blue
2018.0,5.0,899,C3,Petrol,Blue
2018.0,7.0,8847,C3,Petrol,Grey
2018.0,4.0,1790,Grande Punto,Petrol,Red
2018.0,6.0,10495,DS3,Diesel,Grey
2018.0,3.0,2250,Panda,Petrol,Blue
2017.0,2.0,7995,C3,Diesel,Blue
2018.0,8.0,4495,C3,Petrol,White
2018.0,5.0,6995,DS3,Diesel,Blue
2021.0,5.0,9299,C3,Petrol,Red
2021.0,6.0,8799,C3,Petrol,Black
2018.0,7.0,9220,C3,Petrol,Black
2018.0,8.0,7987,DS3,Diesel,Grey
2018.0,7.0,6300,C3,Petrol,Red
2018.0,5.0,2395,Panda,Petrol,Black
2018.0,5.0,10000,C3,Petrol,White
2018.0,8.0,8997,C3,Petrol,Blue
2018.0,5.0,5800,DS3,Diesel,White
2018.0,8.0,4000,C3,Diesel,Black
2018.0,8.0,7250,C3,Petrol,Red
2018.0,5.0,3467,DS3,Diesel,Red
2018.0,5.0,1990,Grande Punto,Petrol,Blue
2018.0,7.0,790,Grande Punto,Diesel,Grey
2021.0,4.0,7775,C3,Diesel,Grey
2018.0,5.0,4290,DS3,Petrol,Blue
2018.0,5.0,1590,Grande Punto,Petrol,Black
2018.0,5.0,5490,DS3,Diesel,White
2018.0,3.0,7974,DS3,Petrol,Blue
2018.0,8.0,2795,Grande Punto,Petrol,Grey
2018.0,5.0,1999,Grande Punto,Petrol,White
2018.0,7.0,5000,C3,Diesel,Blue
2018.0,4.0,9700,C3,Petrol,White
2017.0,12.0,4795,C3,Diesel,Grey
2018.0,6.0,2499,C3,Petrol,Blue
2018.0,8.0,7000,DS3,Diesel,Blue
2018.0,5.0,1795,Grande Punto,Petrol,Red
2018.0,4.0,4650,DS3,Diesel,Blue
2018.0,4.0,795,C3,Petrol,Blue
2018.0,5.0,1895,Grande Punto,Petrol,Grey
2018.0,5.0,995,Grande Punto,Petrol,Blue
2018.0,6.0,3991,C3,Petrol,Grey
2018.0,8.0,4995,DS3,Diesel,White
2018.0,8.0,999,Grande Punto,Petrol,Black
2017.0,5.0,1495,Grande Punto,Petrol,Red
2018.0,5.0,9495,DS3,Diesel,Blue
2018.0,3.0,6500,DS3,Diesel,Grey
2018.0,2.0,1795,Grande Punto,Petrol,Grey
2018.0,4.0,995,C3,Petrol,Red
2018.0,5.0,1000,C3,Petrol,Blue
2018.0,3.0,6995,C3,Diesel,Blue
2018.0,8.0,4500,C3,Diesel,Black
2018.0,5.0,1485,Grande Punto,Petrol,Black
2018.0,5.0,999,Grande Punto,Petrol,Grey
2018.0,4.0,1000,Panda,Petrol,Black
2018.0,8.0,6490,C3,Diesel,Blue
2018.0,5.0,6351,DS3,Petrol,Red
2018.0,8.0,1895,Grande Punto,Petrol,Red
2018.0,6.0,3590,C3,Petrol,White
2018.0,5.0,995,Panda,Petrol,Grey
2018.0,4.0,7275,DS3,Petrol,Grey
2018.0,4.0,999,Grande Punto,Diesel,Red
2018.0,4.0,11795,DS3,Diesel,White
2018.0,2.0,1299,Panda,Petrol,Red
2021.0,4.0,9299,C3,Petrol,Blue
2018.0,2.0,6000,DS3,Diesel,Blue
2018.0,3.0,1390,Grande Punto,Petrol,Grey
2021.0,5.0,9999,C3,Petrol,Black
2018.0,8.0,5650,C3,Diesel,Grey
2018.0,3.0,995,Grande Punto,Petrol,Grey
2018.0,4.0,1390,Grande Punto,Petrol,Blue
2018.0,8.0,5490,C3,Diesel,Black
2018.0,5.0,1695,Grande Punto,Petrol,Grey
2018.0,2.0,13495,C3,Diesel,White
2018.0,8.0,5375,C3,Diesel,White
2017.0,8.0,6990,DS3,Petrol,Grey
2018.0,8.0,6000,C3,Petrol,Grey
2018.0,8.0,2490,Grande Punto,Petrol,Grey
2018.0,4.0,5000,C3,Petrol,Grey
2018.0,8.0,599,C3,Petrol,Red
2018.0,4.0,1350,Grande Punto,Petrol,Grey
2018.0,8.0,1200,Grande Punto,Petrol,Grey
2018.0,5.0,750,Grande Punto,Diesel,Black
2018.0,4.0,1590,Grande Punto,Petrol,Blue
2018.0,7.0,589,Grande Punto,Petrol,Blue
2018.0,8.0,3295,DS3,Petrol,White
2018.0,8.0,5999,C3,Petrol,Black
2018.0,1.0,995,C3,Diesel,Grey
2021.0,4.0,9990,C3,Petrol,White
2021.0,3.0,9256,C3,Petrol,Blue
2018.0,7.0,9999,C3,Petrol,Red
2018.0,9.0,9730,C3,Petrol,Black
2018.0,7.0,5500,DS3,Diesel,Black
2018.0,3.0,2195,Grande Punto,Petrol,Grey
2020.0,11.0,9290,C3,Petrol,White
2018.0,8.0,3450,C3,Petrol,Grey
2021.0,5.0,9500,C3,Petrol,White
2018.0,5.0,1400,Grande Punto,Petrol,Grey
2021.0,5.0,9490,C3,Petrol,Blue
2018.0,4.0,1295,Panda,Petrol,Black
2018.0,5.0,695,C3,Petrol,Blue
2018.0,5.0,500,C3,Petrol,Blue
2018.0,4.0,6595,DS3,Diesel,Black
2018.0,7.0,7199,C3,Diesel,Grey
2018.0,5.0,1775,Grande Punto,Petrol,Blue
2021.0,5.0,10590,C3,Petrol,Red
2018.0,4.0,9495,DS3,Petrol,White
2018.0,5.0,800,Grande Punto,Petrol,Black
2018.0,8.0,2490,Grande Punto,Petrol,Black
2018.0,8.0,6795,C3,Diesel,Blue
2018.0,8.0,1295,Grande Punto,Petrol,Black
2021.0,6.0,9428,C3,Petrol,Black
2021.0,2.0,12080,C3,Petrol,White
2018.0,5.0,2995,Panda,Petrol,Red
2018.0,6.0,3275,DS3,Diesel,Blue
2018.0,5.0,1750,Grande Punto,Petrol,Blue
2018.0,7.0,6834,C3,Petrol,Red
2018.0,1.0,12295,C3,Petrol,Black
2018.0,7.0,7299,C3,Petrol,Blue
2018.0,8.0,11500,C3,Petrol,Grey
2018.0,4.0,1995,Grande Punto,Petrol,Red
2018.0,6.0,2495,Grande Punto,Petrol,Blue
2018.0,8.0,2691,Grande Punto,Diesel,Grey
2018.0,5.0,4450,DS3,Petrol,Red
2020.0,12.0,9675,C3,Petrol,Black
2018.0,3.0,5999,DS3,Diesel,Grey
2018.0,4.0,1495,Panda,Petrol,Blue
2018.0,4.0,2675,Panda,Petrol,Black
2018.0,5.0,800,Panda,Petrol,Blue
2018.0,5.0,2980,Grande Punto,Diesel,Blue
2021.0,5.0,10299,C3,Petrol,Grey
2018.0,5.0,1495,Grande Punto,Petrol,Blue
2021.0,5.0,10100,C3,Petrol,Black
2018.0,5.0,9500,C3,Petrol,Black
2018.0,7.0,6695,C3,Petrol,Blue
2018.0,5.0,1950,Grande Punto,Petrol,Blue
2018.0,8.0,575,Grande Punto,Petrol,Blue
2018.0,9.0,6995,C3,Petrol,Red
2018.0,4.0,5895,DS3,Diesel,White
2018.0,5.0,1395,Grande Punto,Petrol,Red
2021.0,5.0,10299,C3,Petrol,Black
2018.0,8.0,7150,C3,Petrol,Blue
2018.0,8.0,4350,C3,Petrol,White
2018.0,8.0,2978,C3,Diesel,White
2018.0,4.0,3000,C3,Petrol,Red
2018.0,4.0,1695,Grande Punto,Petrol,Black
2018.0,4.0,7780,DS3,Diesel,Red
2021.0,6.0,10990,Panda,Petrol,White
2018.0,5.0,5990,C3,Petrol,Blue
2018.0,7.0,2495,Grande Punto,Petrol,Black
2018.0,6.0,2495,C3,Petrol,Red
2018.0,8.0,1450,Grande Punto,Diesel,Grey
2018.0,5.0,1495,Grande Punto,Petrol,Black
2021.0,6.0,7490,Panda,Petrol,Blue
2018.0,5.0,975,C3,Petrol,Red
2018.0,7.0,4295,DS3,Diesel,White
2018.0,8.0,3695,C3,Petrol,Grey
2018.0,4.0,1295,Grande Punto,Petrol,Blue
2018.0,4.0,2995,Grande Punto,Petrol,Blue
2018.0,5.0,1500,Grande Punto,Petrol,Black
2018.0,4.0,2995,Grande Punto,Petrol,Red
2018.0,4.0,6880,DS3,Petrol,Red
2018.0,8.0,4295,C3,Petrol,Black
2018.0,8.0,1500,Grande Punto,Petrol,Red
2018.0,3.0,5199,DS3,Petrol,Black
2018.0,5.0,875,Grande Punto,Petrol,Blue
2018.0,8.0,6490,DS3,Petrol,Blue
2018.0,5.0,995,Grande Punto,Petrol,Blue
2018.0,7.0,4000,C3,Diesel,Grey
2018.0,7.0,9700,C3,Petrol,Red
2018.0,7.0,6000,C3,Petrol,Black
2018.0,5.0,5995,C3,Petrol,Grey
2018.0,3.0,1475,Grande Punto,Petrol,Blue
2018.0,3.0,9295,DS3,Diesel,Black
2018.0,5.0,2390,Panda,Petrol,Blue
2018.0,8.0,9995,C3,Petrol,White
2018.0,5.0,5995,DS3,Petrol,Red
2018.0,5.0,666,C3,Diesel,Red
2021.0,4.0,9999,C3,Petrol,Black
2018.0,2.0,3995,Panda,Petrol,Red
2018.0,3.0,4490,DS3,Petrol,Blue
2018.0,7.0,4199,C3,Petrol,Red
2018.0,4.0,4899,C3,Petrol,Red
2018.0,8.0,995,Grande Punto,Petrol,Grey
2017.0,11.0,1090,Grande Punto,Petrol,Black
2018.0,4.0,2990,Panda,Petrol,White
2017.0,1.0,1490,Grande Punto,Petrol,Blue
2018.0,5.0,2950,Panda,Diesel,Black
2018.0,4.0,1290,C3,Petrol,Red
2018.0,7.0,1795,Grande Punto,Petrol,Black
2018.0,4.0,1790,Grande Punto,Petrol,Black
2018.0,7.0,5995,C3,Petrol,Grey
2018.0,8.0,4200,C3,Petrol,White
2018.0,4.0,5695,DS3,Petrol,White
2018.0,8.0,6107,C3,Petrol,Grey
2018.0,5.0,4000,DS3,Petrol,White
2021.0,2.0,9395,C3,Petrol,White
2018.0,6.0,1999,Grande Punto,Petrol,Red
2018.0,5.0,1995,Grande Punto,Petrol,Grey
2018.0,4.0,7000,DS3,Petrol,Grey
2018.0,8.0,999,Grande Punto,Petrol,Blue
2021.0,2.0,9750,C3,Petrol,Grey
2018.0,8.0,6650,C3,Petrol,Grey
2021.0,5.0,9785,C3,Petrol,Blue
2018.0,6.0,5500,C3,Petrol,White
2018.0,8.0,1395,Grande Punto,Petrol,Blue
2017.0,12.0,7450,DS3,Petrol,Black
2018.0,3.0,8000,DS3,Diesel,Blue
2021.0,3.0,9898,C3,Petrol,Grey
2018.0,7.0,7600,C3,Petrol,Blue
2018.0,8.0,7495,C3,Petrol,Blue
2018.0,8.0,4500,C3,Diesel,Black
2021.0,5.0,9876,C3,Petrol,White
2018.0,3.0,4995,DS3,Diesel,Grey
2021.0,3.0,10391,C3,Petrol,Grey
2018.0,7.0,5290,C3,Petrol,Black
2018.0,5.0,5940,DS3,Diesel,White
2018.0,2.0,1650,Grande Punto,Petrol,Blue
2018.0,2.0,5680,DS3,Petrol,White
2018.0,6.0,10495,DS3,Diesel,Red
2018.0,7.0,1500,Grande Punto,Diesel,Black
2018.0,5.0,9450,DS3,Petrol,Blue
2018.0,4.0,2299,Grande Punto,Petrol,Red
2018.0,4.0,4480,DS3,Petrol,Red
2018.0,5.0,7000,DS3,Diesel,Black
2018.0,3.0,6000,DS3,Petrol,Blue
2018.0,5.0,2600,Panda,Petrol,White
2018.0,4.0,5469,C3,Petrol,Blue
2018.0,7.0,3700,DS3,Diesel,Blue
2021.0,5.0,10299,C3,Petrol,Grey
2018.0,5.0,1000,Grande Punto,Petrol,Black
2018.0,8.0,999,Grande Punto,Petrol,Blue
2018.0,3.0,1589,Grande Punto,Petrol,Blue
2018.0,6.0,8897,C3,Petrol,Blue
2018.0,7.0,5595,DS3,Petrol,Grey
2021.0,3.0,9299,C3,Petrol,Red
2021.0,3.0,9016,C3,Petrol,Red
2021.0,5.0,9299,C3,Petrol,Grey
2018.0,4.0,7720,DS3,Petrol,Red
2018.0,4.0,6000,DS3,Petrol,Grey
2018.0,8.0,3999,C3,Petrol,Grey
2018.0,4.0,2489,Panda,Petrol,White
2018.0,5.0,1100,Grande Punto,Petrol,Blue
2018.0,3.0,1500,Grande Punto,Petrol,Red
2018.0,5.0,7409,DS3,Petrol,Grey
2021.0,4.0,9293,C3,Petrol,Grey
2021.0,5.0,10299,C3,Petrol,Grey
2018.0,3.0,5295,Panda,Petrol,Black
2018.0,4.0,4950,DS3,Diesel,Grey
2018.0,8.0,1595,Grande Punto,Petrol,Blue
2018.0,4.0,2500,Panda,Petrol,Black
2018.0,5.0,1900,Grande Punto,Petrol,Blue
2018.0,9.0,5511,C3,Petrol,White
2018.0,6.0,8877,C3,Petrol,Grey
2018.0,9.0,695,C3,Petrol,Blue
2018.0,5.0,2495,Panda,Diesel,Red
2018.0,7.0,6995,C3,Petrol,Blue
2018.0,7.0,9990,C3,Petrol,Black
2018.0,2.0,7999,DS3,Petrol,Blue
2018.0,4.0,1395,Grande Punto,Diesel,Blue
2018.0,8.0,1490,Grande Punto,Petrol,Blue
2018.0,8.0,4350,DS3,Diesel,Blue
2018.0,8.0,5350,DS3,Petrol,White
2018.0,5.0,5000,C3,Diesel,Red
2018.0,9.0,10000,C3,Petrol,White
2018.0,8.0,4537,DS3,Diesel,Red
2018.0,5.0,10985,C3,Diesel,White
2018.0,4.0,5300,Panda,Petrol,Black
2018.0,8.0,1395,Grande Punto,Petrol,Black
2018.0,7.0,10485,DS3,Petrol,White
2018.0,8.0,6299,DS3,Diesel,Black
2017.0,12.0,999,Panda,Petrol,Black
2018.0,5.0,1750,Grande Punto,Petrol,Blue
2018.0,6.0,4950,DS3,Diesel,Black
2018.0,7.0,5995,DS3,Diesel,White
2018.0,4.0,4495,DS3,Diesel,Black
2018.0,8.0,1495,Grande Punto,Petrol,Blue
2018.0,8.0,5190,DS3,Diesel,Black
2018.0,4.0,4895,DS3,Diesel,Red
2017.0,12.0,6900,DS3,Petrol,White
2021.0,5.0,9599,C3,Petrol,Grey
2021.0,5.0,9995,C3,Petrol,White
2018.0,6.0,11000,C3,Petrol,Red
2020.0,10.0,9238,C3,Petrol,Black
2021.0,5.0,8895,Panda,Petrol,Grey
2018.0,8.0,7900,DS3,Diesel,Black
2018.0,7.0,2995,Grande Punto,Petrol,Grey
2018.0,7.0,4795,DS3,Diesel,Blue
2018.0,2.0,7995,DS3,Petrol,Black
2018.0,8.0,1490,Grande Punto,Petrol,Grey
2021.0,6.0,10856,C3,Petrol,Black
2018.0,7.0,7799,DS3,Petrol,Blue
2018.0,2.0,5950,DS3,Petrol,Blue
2018.0,5.0,989,Grande Punto,Petrol,Blue
2021.0,4.0,9385,C3,Petrol,Grey
2018.0,8.0,5290,C3,Petrol,White
2018.0,4.0,1395,Panda,Petrol,Blue
2021.0,4.0,10298,C3,Petrol,Black
2018.0,8.0,2695,C3,Petrol,Black
2018.0,4.0,1750,Panda,Petrol,White
2018.0,8.0,619,C3,Petrol,Blue
2018.0,8.0,4000,C3,Diesel,Blue
2018.0,4.0,1425,C3,Petrol,Blue
2018.0,5.0,1995,Grande Punto,Petrol,Grey
2017.0,10.0,2480,Panda,Diesel,White
2018.0,7.0,4350,C3,Petrol,Black
2018.0,2.0,4750,DS3,Diesel,Black
2018.0,5.0,2200,Grande Punto,Diesel,Blue
2018.0,4.0,2949,Grande Punto,Petrol,Grey
2018.0,7.0,6000,C3,Petrol,Red
2018.0,5.0,1295,Grande Punto,Petrol,Blue
2018.0,4.0,6995,DS3,Petrol,Grey
2018.0,8.0,890,Grande Punto,Petrol,Grey
2021.0,5.0,9999,C3,Petrol,White
2018.0,4.0,4500,DS3,Diesel,Black
2018.0,8.0,5989,C3,Petrol,Blue
2018.0,4.0,600,Grande Punto,Petrol,Grey
2018.0,3.0,2689,Grande Punto,Petrol,Red
2018.0,8.0,1000,Grande Punto,Petrol,Black
2021.0,5.0,9999,C3,Petrol,Black
2017.0,11.0,2999,DS3,Petrol,Blue
2018.0,5.0,5900,DS3,Petrol,Blue
2018.0,5.0,1950,Grande Punto,Petrol,Blue
2018.0,7.0,4978,C3,Diesel,White
2019.0,8.0,9995,C3,Petrol,Black
2018.0,7.0,4650,C3,Diesel,Blue
2018.0,5.0,4500,DS3,Petrol,Red
2018.0,8.0,3525,DS3,Diesel,White
2021.0,5.0,9999,C3,Petrol,Black
2018.0,7.0,2995,C3,Petrol,Black
2018.0,5.0,750,C3,Diesel,Blue
2018.0,8.0,9995,C3,Petrol,Black
2018.0,8.0,4995,DS3,Petrol,Grey
2018.0,1.0,1290,Panda,Petrol,Blue
2018.0,8.0,4700,C3,Petrol,Blue
2018.0,8.0,995,Grande Punto,Petrol,Black
2021.0,6.0,10795,C3,Petrol,Black
2018.0,3.0,7995,DS3,Diesel,Blue
2018.0,5.0,6795,C3,Petrol,Blue
2018.0,6.0,8657,C3,Petrol,Grey
2018.0,5.0,9795,DS3,Petrol,White
2018.0,4.0,7000,DS3,Petrol,Black
2018.0,8.0,5290,DS3,Petrol,Grey
2018.0,4.0,3990,Panda,Diesel,White
2018.0,5.0,900,Panda,Petrol,Red
2018.0,2.0,2480,Panda,Petrol,Black
2018.0,4.0,4395,DS3,Petrol,White
2018.0,4.0,1500,Grande Punto,Petrol,Blue
2018.0,2.0,3995,DS3,Petrol,Red
2021.0,4.0,10198,C3,Petrol,Grey
2018.0,5.0,2590,Grande Punto,Petrol,Blue
2021.0,4.0,10000,C3,Petrol,Black
2018.0,7.0,7745,C3,Petrol,White
2017.0,12.0,1290,Grande Punto,Petrol,Blue
2018.0,7.0,8750,C3,Petrol,Blue
2018.0,6.0,4750,C3,Diesel,White
2018.0,4.0,8490,DS3,Petrol,Black
2021.0,5.0,9999,C3,Petrol,Grey
2018.0,5.0,2995,Panda,Petrol,White
2018.0,3.0,1290,Grande Punto,Petrol,Red
2018.0,1.0,2995,Grande Punto,Petrol,Grey
2018.0,8.0,800,Grande Punto,Petrol,Blue
2018.0,8.0,4750,C3,Petrol,Black
2018.0,4.0,1490,Panda,Petrol,Blue
2018.0,8.0,5500,DS3,Diesel,Blue
2018.0,4.0,5990,DS3,Diesel,White
2018.0,8.0,1495,C3,Petrol,Blue
2018.0,3.0,5750,DS3,Petrol,White
2018.0,4.0,1595,Panda,Petrol,Blue
2021.0,5.0,9999,C3,Petrol,Black
2018.0,6.0,1995,Grande Punto,Petrol,Grey
2018.0,8.0,1685,Grande Punto,Petrol,Red
2021.0,5.0,13595,C3,Petrol,Red
2018.0,5.0,4750,DS3,Diesel,Blue
2018.0,8.0,1450,Grande Punto,Petrol,Grey
2021.0,5.0,9632,C3,Petrol,Blue
2018.0,2.0,8995,DS3,Petrol,Black
2018.0,5.0,895,C3,Petrol,Blue
2018.0,4.0,7434,C3,Petrol,White
2018.0,7.0,7300,DS3,Diesel,Red
2018.0,5.0,4795,C3,Diesel,Grey
2018.0,5.0,6000,DS3,Petrol,Grey
2021.0,4.0,9199,C3,Petrol,Black
2018.0,6.0,5132,C3,Petrol,Blue
2018.0,7.0,6200,C3,Diesel,Red
2018.0,7.0,4750,DS3,Diesel,Black
2018.0,8.0,6950,DS3,Diesel,Grey
2018.0,6.0,4777,C3,Diesel,Blue
2018.0,7.0,8250,C3,Petrol,Grey
2018.0,8.0,895,Grande Punto,Petrol,Grey
2018.0,6.0,5495,DS3,Diesel,Blue
2021.0,5.0,10299,C3,Petrol,Black
2018.0,5.0,1299,Grande Punto,Petrol,Grey
2018.0,8.0,3150,DS3,Diesel,Red
2017.0,2.0,1150,Panda,Petrol,Black
2018.0,8.0,1950,C3,Diesel,Black
2021.0,2.0,9990,C3,Petrol,White
2018.0,5.0,995,Panda,Petrol,Black
2018.0,8.0,1500,Grande Punto,Petrol,Blue
2018.0,8.0,10554,DS3,Petrol,Red
2018.0,4.0,1500,Grande Punto,Petrol,Grey
2021.0,5.0,9695,C3,Petrol,White
2018.0,6.0,4990,C3,Petrol,Grey
2018.0,7.0,6495,C3,Petrol,Grey
2018.0,4.0,2490,Panda,Petrol,Red
2018.0,5.0,5480,Panda,Petrol,Blue
2018.0,5.0,3795,Panda,Petrol,Blue
2018.0,8.0,8990,C3,Petrol,Blue
2018.0,3.0,5000,C3,Diesel,Blue
2018.0,8.0,9900,C3,Petrol,Blue
2018.0,7.0,6288,C3,Petrol,White
2021.0,5.0,9750,C3,Petrol,Red
2021.0,5.0,9999,C3,Petrol,Black
2021.0,5.0,9999,C3,Petrol,Black
2018.0,4.0,6297,DS3,Diesel,Blue
2018.0,7.0,7285,DS3,Diesel,White
2018.0,5.0,10500,C3,Petrol,Blue
2018.0,7.0,4674,DS3,Diesel,Black
2018.0,5.0,1490,Grande Punto,Petrol,Red
2018.0,1.0,3750,DS3,Petrol,Black
2021.0,5.0,9299,C3,Petrol,Red
2018.0,8.0,9975,C3,Petrol,Blue
2018.0,5.0,4495,DS3,Diesel,Grey
2018.0,7.0,1350,Grande Punto,Petrol,Red
2018.0,3.0,8990,DS3,Petrol,Black
2018.0,7.0,2695,C3,Petrol,Blue
2018.0,8.0,4995,C3,Diesel,Grey
2021.0,4.0,10000,C3,Petrol,Red
2018.0,1.0,1995,Grande Punto,Petrol,Blue
2018.0,8.0,999,Grande Punto,Petrol,Blue
2021.0,5.0,9999,C3,Petrol,Black
2018.0,4.0,8990,DS3,Petrol,White
2018.0,7.0,11985,DS3,Petrol,Red
2018.0,5.0,995,Grande Punto,Diesel,Blue
2021.0,5.0,9299,C3,Petrol,Red
2018.0,8.0,5500,C3,Petrol,White
2018.0,4.0,5750,C3,Petrol,Grey
2018.0,8.0,11995,C3,Petrol,Blue
2018.0,8.0,4730,C3,Petrol,Black
2018.0,5.0,3995,Panda,Petrol,White
2018.0,8.0,4240,C3,Diesel,White
2021.0,1.0,9990,C3,Petrol,White
2018.0,8.0,1295,Grande Punto,Diesel,Red
2018.0,8.0,990,Grande Punto,Petrol,Red
2018.0,8.0,6915,C3,Petrol,Red
2018.0,8.0,3950,DS3,Diesel,White
2018.0,3.0,4994,Panda,Petrol,Black
2018.0,8.0,5000,C3,Petrol,Black
2021.0,5.0,9199,C3,Petrol,Grey
2018.0,2.0,4500,DS3,Petrol,Black
2018.0,5.0,500,C3,Petrol,Black
2018.0,5.0,9495,DS3,Petrol,Black
2018.0,7.0,625,C3,Petrol,Blue
2018.0,5.0,795,Panda,Petrol,Red
2018.0,4.0,5295,DS3,Diesel,Grey
2018.0,8.0,4495,C3,Petrol,Blue
2018.0,3.0,7490,DS3,Petrol,Red
2018.0,4.0,2299,Grande Punto,Petrol,Grey
2018.0,8.0,1495,Grande Punto,Petrol,Grey
2018.0,7.0,1371,C3,Petrol,Black
2021.0,5.0,6899,Panda,Petrol,White
2018.0,4.0,1190,Grande Punto,Petrol,Red
2021.0,6.0,14200,C3,Petrol,Blue
2021.0,5.0,7799,Panda,Petrol,White
2018.0,5.0,7299,C3,Petrol,Grey
2018.0,1.0,9995,DS3,Diesel,Red
2021.0,5.0,13499,C3,Petrol,Black
2018.0,6.0,9420,C3,Petrol,Black
2018.0,8.0,5775,C3,Diesel,Black
2018.0,7.0,7404,C3,Petrol,Grey
2018.0,8.0,4775,C3,Diesel,Red
2018.0,2.0,1490,Panda,Petrol,Grey
2021.0,6.0,10496,C3,Petrol,Grey
2018.0,4.0,4995,Panda,Petrol,Black
2018.0,1.0,2295,Panda,Petrol,Grey
2018.0,5.0,4990,DS3,Diesel,Black
2018.0,5.0,1999,Grande Punto,Petrol,Grey
2018.0,8.0,4495,DS3,Petrol,Black
2018.0,7.0,3500,C3,Petrol,White
2021.0,6.0,6999,Panda,Petrol,Red
2018.0,8.0,4490,C3,Petrol,Blue
2018.0,8.0,3494,C3,Petrol,White
2018.0,2.0,995,Panda,Petrol,Blue
2018.0,4.0,2395,Panda,Diesel,Black
2018.0,3.0,7700,DS3,Diesel,Blue
2021.0,5.0,9999,C3,Petrol,Grey
2018.0,3.0,1277,Grande Punto,Petrol,Red
2021.0,4.0,9249,C3,Petrol,Black
2018.0,8.0,990,C3,Petrol,Red
2018.0,8.0,1595,Grande Punto,Petrol,Black
2018.0,5.0,1499,Grande Punto,Petrol,Black
2018.0,3.0,2290,Panda,Petrol,Black
2018.0,8.0,990,Grande Punto,Petrol,Grey
2018.0,4.0,1295,Grande Punto,Petrol,Red
2018.0,3.0,7799,DS3,Petrol,Red
2021.0,6.0,10222,C3,Petrol,Grey
2018.0,7.0,9460,C3,Petrol,Black
2021.0,5.0,9999,C3,Petrol,Grey
2021.0,4.0,10914,Panda,Petrol,White
2018.0,4.0,680,C3,Petrol,Grey
2018.0,5.0,2798,Panda,Petrol,Blue
2018.0,4.0,12695,DS3,Petrol,Grey
2018.0,8.0,4995,DS3,Petrol,Blue
2018.0,8.0,3395,DS3,Diesel,Grey
2018.0,5.0,2590,Panda,Diesel,Blue
2018.0,8.0,4750,DS3,Petrol,Black
2018.0,5.0,3698,Panda,Petrol,Red
2018.0,5.0,6498,DS3,Petrol,Grey
2018.0,4.0,2999,Panda,Petrol,White
2018.0,5.0,6895,DS3,Petrol,Black
2018.0,4.0,4500,C3,Diesel,Blue
2018.0,5.0,5795,DS3,Diesel,Grey
2021.0,5.0,10299,C3,Petrol,Grey
2018.0,5.0,1790,Panda,Petrol,Grey
2021.0,5.0,10299,C3,Petrol,Grey
2018.0,2.0,1450,Grande Punto,Petrol,Blue
2018.0,4.0,2995,Grande Punto,Petrol,Red
2018.0,8.0,1299,Grande Punto,Petrol,Red
2018.0,6.0,3485,C3,Petrol,Black
2018.0,3.0,2895,Panda,Petrol,White
2018.0,8.0,4690,C3,Petrol,White
2018.0,5.0,495,C3,Petrol,Blue
2018.0,6.0,4995,DS3,Diesel,Grey
2018.0,2.0,7490,DS3,Petrol,Blue
2018.0,8.0,4195,DS3,Diesel,Blue
2018.0,8.0,5000,C3,Petrol,Red
2018.0,8.0,4250,C3,Diesel,Blue
2018.0,4.0,3875,DS3,Petrol,Red
2018.0,5.0,999,Grande Punto,Petrol,Grey
2018.0,3.0,1770,Grande Punto,Petrol,Grey
2018.0,8.0,11500,C3,Petrol,Grey
2018.0,7.0,4850,DS3,Petrol,Grey
2018.0,4.0,2450,Grande Punto,Petrol,Grey
2018.0,8.0,6895,DS3,Diesel,White
2018.0,6.0,1295,Grande Punto,Petrol,Blue
2018.0,5.0,2695,Panda,Petrol,Blue
2018.0,5.0,5740,C3,Petrol,Black
2018.0,3.0,2989,Grande Punto,Petrol,Blue
2018.0,5.0,4991,DS3,Diesel,Black
2018.0,5.0,2340,Grande Punto,Petrol,Grey
2021.0,5.0,9999,C3,Petrol,Grey
2018.0,4.0,995,Panda,Petrol,Black
2018.0,8.0,350,C3,Petrol,Blue
2018.0,2.0,2000,Panda,Petrol,White
2018.0,4.0,2695,Panda,Petrol,Blue
2018.0,8.0,1495,Grande Punto,Petrol,White
2018.0,6.0,5695,C3,Petrol,Black
2018.0,4.0,5000,DS3,Diesel,Grey
2018.0,8.0,3495,DS3,Petrol,White
2018.0,5.0,750,Grande Punto,Petrol,Grey
2018.0,5.0,700,Grande Punto,Diesel,Red
2018.0,7.0,1995,Grande Punto,Petrol,Red
2018.0,3.0,8485,C3,Petrol,Black
2018.0,4.0,1500,Panda,Petrol,Grey
2018.0,3.0,3499,Panda,Petrol,Blue
2018.0,8.0,1195,Grande Punto,Petrol,Blue
2018.0,7.0,5000,C3,Petrol,Red
2018.0,6.0,2695,Grande Punto,Petrol,Black
2018.0,5.0,5587,DS3,Diesel,Blue
2018.0,6.0,10700,C3,Petrol,Red
2018.0,3.0,7495,DS3,Petrol,Red
2018.0,5.0,1499,Grande Punto,Diesel,Blue
2018.0,8.0,6000,DS3,Diesel,Blue
2018.0,3.0,1250,Panda,Petrol,Blue
2018.0,4.0,3300,Panda,Petrol,Blue
2018.0,8.0,7290,C3,Petrol,White
2018.0,5.0,1290,Grande Punto,Petrol,Blue
2018.0,7.0,2695,C3,Diesel,Grey
2018.0,5.0,6880,DS3,Petrol,White
2018.0,8.0,9800,C3,Diesel,Red
2018.0,4.0,1750,Grande Punto,Petrol,Red
2018.0,5.0,1690,Grande Punto,Diesel,Blue
2018.0,8.0,4300,C3,Diesel,Blue
2018.0,7.0,2495,Grande Punto,Diesel,Black
2018.0,2.0,3495,C3,Diesel,Black
2021.0,5.0,11270,C3,Petrol,Black
2018.0,6.0,9750,C3,Petrol,Red
2018.0,7.0,6799,C3,Petrol,Blue
2018.0,8.0,6999,C3,Diesel,Red
2021.0,5.0,8999,C3,Petrol,Black
2018.0,5.0,2595,Grande Punto,Diesel,Blue
2018.0,8.0,3999,DS3,Diesel,Blue
2018.0,3.0,7995,DS3,Petrol,Red
2018.0,5.0,7421,DS3,Petrol,Red
2018.0,3.0,9695,DS3,Diesel,Grey
2017.0,10.0,2999,Panda,Petrol,Black
2018.0,7.0,4466,DS3,Diesel,Grey
2018.0,7.0,5490,DS3,Petrol,Red
2018.0,5.0,2100,Panda,Petrol,White
2018.0,8.0,8000,DS3,Diesel,Blue
2021.0,4.0,11000,C3,Petrol,Blue
2018.0,8.0,5800,DS3,Petrol,Red
2018.0,6.0,1295,Grande Punto,Petrol,Grey
2018.0,8.0,4390,C3,Petrol,White
2018.0,4.0,14500,C3,Diesel,Black
2018.0,8.0,2500,Grande Punto,Petrol,Black
2018.0,8.0,5295,C3,Petrol,Blue
2018.0,4.0,4490,DS3,Petrol,Black
2018.0,3.0,6269,DS3,Petrol,Blue
2018.0,5.0,1795,Panda,Petrol,Red
2018.0,5.0,2500,Panda,Petrol,White
2018.0,4.0,4880,DS3,Diesel,White
2018.0,5.0,1695,Grande Punto,Petrol,Blue
2018.0,4.0,10295,DS3,Petrol,Grey
2018.0,4.0,2500,Panda,Petrol,White
2018.0,4.0,6800,DS3,Petrol,Red
2018.0,7.0,1175,Grande Punto,Petrol,Blue
2018.0,6.0,3495,C3,Diesel,Blue
2018.0,8.0,5871,C3,Petrol,White
2018.0,8.0,4500,DS3,Diesel,Grey
2018.0,9.0,5750,C3,Petrol,Red
2018.0,8.0,6995,C3,Petrol,Blue
2018.0,8.0,4000,DS3,Diesel,White
2018.0,5.0,6536,DS3,Diesel,Blue
2018.0,8.0,4699,C3,Petrol,Black
2018.0,8.0,8490,DS3,Petrol,White
2018.0,5.0,995,Grande Punto,Petrol,Grey
2021.0,5.0,11695,C3,Petrol,Black
2018.0,5.0,3500,DS3,Petrol,Grey
2018.0,4.0,9995,DS3,Petrol,Black
2018.0,4.0,3995,DS3,Diesel,White
2018.0,8.0,2095,Grande Punto,Petrol,Blue
2018.0,3.0,9790,DS3,Diesel,Black
2018.0,4.0,2495,Grande Punto,Petrol,Grey
2018.0,8.0,4950,DS3,Petrol,Red
2018.0,3.0,7590,DS3,Petrol,Red
2018.0,3.0,5425,DS3,Diesel,Red
2018.0,4.0,4741,Panda,Petrol,White
2018.0,2.0,2500,Panda,Petrol,Grey
2018.0,3.0,11490,DS3,Petrol,Blue
2021.0,6.0,10299,C3,Petrol,Black
2020.0,11.0,9490,C3,Petrol,Red
2018.0,8.0,12195,DS3,Diesel,Grey
2018.0,4.0,1150,Grande Punto,Diesel,Blue
